title_len_words,body_len_words,has_code_snippet,tag_count,user_reputation,account_age_days,post_hour,is_weekend,success_score
10,92,0,1,375,618,18,0,61.1
9,179,0,3,2408,3093,20,1,65.5
3,226,1,3,1053,64,10,0,72.2
11,57,0,2,730,2213,17,1,42.9
8,119,0,4,135,2075,15,0,52.1
12,208,1,2,135,3383,7,1,65.2
5,209,0,4,47,3060,3,0,48.0
3,129,1,3,1608,285,10,0,72.0
9,95,1,3,735,1684,9,0,77.1
9,197,1,2,985,2329,15,1,72.4
3,211,0,2,16,838,11,0,30.2
6,70,1,1,2802,831,21,1,62.4
17,67,1,2,1429,1188,2,0,65.8
8,153,1,2,190,3970,10,0,76.3
11,177,1,4,160,2966,23,0,76.5
7,122,1,3,162,224,15,0,84.9
3,180,1,4,290,784,23,1,76.2
8,97,1,3,595,3218,2,0,81.4
8,20,0,4,452,3013,9,0,55.0
7,114,0,5,275,950,20,0,52.7
8,143,0,2,757,3940,15,0,67.3
9,123,1,4,120,3102,6,0,75.7
8,70,1,3,276,45,14,1,66.3
5,31,1,4,365,1811,14,0,68.2
10,109,1,3,487,471,9,1,69.3
3,193,0,3,1230,2082,2,0,51.6
3,215,1,2,178,2701,5,0,66.8
11,211,0,1,577,3499,17,1,39.3
10,91,1,3,718,830,21,0,82.4
8,70,0,5,38,1910,4,0,39.9
4,169,1,3,748,2269,15,0,83.8
6,178,1,2,149,1892,12,0,68.3
8,164,1,4,53,2582,2,1,67.5
4,20,1,4,2378,692,14,0,78.7
6,87,1,2,2696,1391,22,1,81.9
10,138,1,1,1321,932,19,0,90.8
13,169,1,2,290,841,5,0,78.7
7,186,0,4,82,3815,21,0,58.8
11,148,1,4,922,3059,3,1,76.1
3,159,0,2,464,1939,14,1,49.5
10,145,1,2,104,1574,17,0,78.5
6,181,1,4,546,2630,8,0,80.2
9,158,1,4,27,3188,19,1,67.1
8,143,1,4,1920,2287,3,1,77.0
12,123,1,3,239,3407,15,1,77.6
6,144,1,2,869,2489,17,0,85.4
10,169,1,3,298,148,4,0,69.9
8,156,1,2,587,1033,12,0,77.8
8,162,1,4,632,1312,5,0,81.8
8,220,1,3,163,388,21,1,67.2
6,155,1,4,2794,3122,18,0,91.0
8,101,1,3,1193,1874,11,1,82.1
8,193,1,4,2244,3589,14,0,90.2
9,58,1,2,1801,916,8,0,83.8
9,75,1,3,728,1879,6,0,73.0
11,160,0,3,2039,2686,13,0,70.4
11,170,0,1,74,3659,18,0,52.9
5,65,1,4,174,3749,19,0,67.6
11,117,1,3,37,278,15,1,74.9
5,103,1,3,314,1978,22,0,70.8
10,110,1,4,393,1860,23,1,64.4
10,196,0,4,253,3037,21,1,50.5
3,182,0,3,1411,3372,3,1,54.3
9,138,1,4,352,1826,11,1,72.3
7,107,1,1,263,2637,17,0,71.8
6,59,0,2,625,1834,7,0,47.0
13,225,0,3,121,2697,16,0,54.6
7,175,1,3,1296,618,23,0,84.1
6,97,1,3,61,1631,2,0,65.8
9,183,1,2,3467,2183,3,1,83.8
11,135,1,3,1183,580,9,0,78.3
8,122,0,4,177,1171,15,1,50.6
12,166,0,3,4,490,19,0,44.7
10,95,1,5,1351,2526,1,1,72.3
3,119,0,4,981,1183,11,1,39.8
7,147,1,2,1044,384,15,0,86.8
7,110,1,2,1180,163,9,0,79.5
10,180,1,2,61,2489,4,0,55.5
3,252,1,4,355,1877,11,0,72.7
16,94,1,1,98,1213,2,1,48.4
10,40,1,2,1590,2463,11,0,65.0
9,20,0,4,781,1363,0,0,61.4
12,130,0,3,321,1631,1,0,66.2
16,100,1,2,52,1205,10,0,66.9
11,152,1,2,297,288,11,0,74.7
11,147,1,4,314,1858,6,1,72.8
9,43,0,4,1046,187,0,0,68.0
8,31,1,2,811,1908,12,0,70.8
7,157,1,3,1745,1162,12,0,82.5
6,148,1,4,511,130,1,1,71.6
6,114,1,4,101,2242,9,0,77.4
4,40,1,4,999,2364,22,0,60.7
8,168,0,3,1144,3857,0,0,70.1
3,216,0,4,659,1888,6,1,43.1
9,156,1,2,1179,144,12,0,75.0
8,89,1,2,544,16,23,0,77.3
9,142,1,3,591,3374,1,0,88.1
7,58,0,3,446,2471,19,1,48.7
18,203,1,4,20,245,6,0,54.2
13,144,1,1,91,927,16,1,67.9
5,33,1,4,25,3179,21,0,50.3
9,121,1,2,809,3160,4,0,69.1
7,167,1,3,301,2177,10,1,72.3
5,120,1,1,568,907,21,0,63.6
4,123,1,3,1905,887,23,0,75.4
10,66,1,3,229,341,10,0,70.8
6,173,1,3,422,2052,10,0,82.0
11,101,1,2,1126,3399,16,1,73.3
11,20,1,3,207,1434,18,1,65.2
13,117,1,4,64,3951,7,0,64.8
6,198,1,2,273,306,19,1,69.4
10,116,0,2,140,908,13,1,45.3
10,244,1,2,2123,2655,9,1,73.8
7,165,1,4,1320,3793,6,0,84.1
6,160,1,3,802,3297,1,0,79.8
13,132,1,1,1641,1372,16,1,67.2
9,135,1,4,1302,3040,0,0,79.5
10,124,0,3,165,321,12,1,47.5
6,121,1,2,1784,559,18,0,93.6
5,171,1,5,620,1205,13,0,86.6
7,83,0,3,1317,2666,17,0,72.1
8,75,0,3,1811,2759,19,0,60.4
5,72,0,3,306,1410,13,1,35.6
8,262,0,4,93,1642,14,0,64.4
3,171,0,2,206,3864,13,0,44.6
5,158,1,2,445,3844,23,0,75.0
11,76,1,2,1363,1132,4,0,71.7
10,177,1,4,1577,2579,15,0,100.0
7,133,1,3,5,2458,4,1,60.2
5,152,0,3,571,3368,21,1,48.3
5,81,1,2,432,818,12,0,68.6
7,149,1,3,200,1195,15,1,69.2
10,114,0,4,102,3403,14,1,61.3
11,94,0,3,329,2541,4,0,56.8
7,184,1,4,2290,3267,20,0,80.2
5,47,0,2,312,12,22,0,45.0
9,173,1,4,585,195,5,0,85.2
6,181,1,1,971,2538,12,0,72.6
7,87,1,3,361,2843,15,0,83.4
12,90,1,5,2854,2929,9,0,93.0
11,126,1,5,2625,2230,1,1,92.8
9,156,0,2,232,3010,12,1,41.9
5,130,0,3,550,3889,16,0,65.5
9,166,0,1,286,656,0,1,51.3
12,245,1,4,268,1922,3,1,68.8
7,109,1,3,30,3388,17,0,73.2
13,37,1,3,752,2742,5,0,75.1
12,189,1,2,558,2078,11,0,90.8
13,240,1,4,42,1620,23,0,66.8
9,163,1,3,261,3750,19,0,71.0
10,74,1,2,1911,3868,12,0,63.4
13,132,0,3,219,3865,1,0,57.9
10,72,1,2,125,1120,16,0,71.3
7,178,0,3,537,3453,22,1,49.4
7,58,1,4,3395,778,9,1,74.4
9,121,0,4,221,444,18,1,55.9
5,79,1,3,892,298,21,1,52.5
8,147,1,4,1147,808,4,1,81.5
12,118,1,3,217,1761,20,0,66.1
3,150,0,2,1042,845,11,1,48.9
13,141,1,5,366,1016,17,1,79.4
12,80,1,2,800,1385,8,0,82.4
7,177,0,2,803,1398,10,0,60.4
10,137,1,5,613,554,3,0,78.1
9,80,1,2,75,2351,9,0,68.5
12,274,1,4,1442,421,0,0,84.6
11,168,1,4,309,1270,1,0,85.1
4,130,1,3,165,3792,8,1,62.2
10,224,1,1,33,1261,22,0,65.8
8,250,1,3,715,3606,17,0,83.5
9,131,1,2,905,185,15,0,78.5
6,160,0,3,13,468,22,1,37.4
14,80,1,4,574,2802,13,1,84.1
12,131,1,3,205,2411,3,0,69.8
6,128,1,3,828,1307,1,0,82.4
4,151,1,3,153,1577,11,0,67.1
7,159,1,3,939,336,19,1,86.3
10,173,1,4,391,2210,4,0,75.5
9,154,1,2,2208,3232,3,1,77.5
12,67,0,4,118,1498,14,0,51.8
11,83,1,3,333,3673,2,0,73.0
11,107,1,2,96,3394,21,0,77.7
9,123,1,2,2068,2060,16,1,82.0
4,203,1,3,1678,1448,7,0,83.7
8,70,0,3,238,3145,11,1,38.5
12,118,1,2,863,588,20,1,79.2
8,197,1,4,1359,1882,7,1,77.2
10,122,1,3,648,201,19,0,88.7
8,167,1,4,603,522,19,0,82.9
5,131,1,1,221,1888,4,1,48.1
8,155,1,2,78,2553,20,1,59.9
9,126,1,1,1820,3810,5,0,85.7
7,180,1,2,1845,1712,4,1,80.6
8,47,1,4,802,788,20,0,76.6
6,118,1,1,331,3111,7,0,68.7
12,157,1,3,343,60,21,0,78.5
8,172,1,2,1035,578,17,1,71.4
13,229,0,3,1819,321,3,0,67.1
13,116,1,4,1744,1459,3,0,87.6
8,228,0,3,1210,3708,4,0,64.8
5,100,1,3,821,3748,14,0,80.1
3,219,0,2,70,3480,5,1,37.5
4,189,1,4,141,2038,20,0,56.2
4,85,1,3,1830,923,15,1,70.3
13,158,0,3,745,1410,13,1,57.1
9,136,0,3,7,1695,13,1,39.2
10,177,1,4,85,569,15,1,71.5
3,126,1,3,871,1102,21,0,76.2
5,121,1,3,4,3266,23,0,51.5
11,222,0,3,140,3357,3,0,60.9
9,134,1,2,636,527,10,0,75.0
8,189,1,3,941,2572,18,0,83.0
10,126,1,3,844,2661,18,0,85.2
13,239,0,3,203,3228,7,1,49.7
8,99,1,3,996,3412,9,0,82.2
9,103,1,2,216,2173,4,0,70.3
9,231,0,4,314,871,15,0,72.1
16,113,1,4,1097,280,2,0,82.2
3,236,0,4,839,2965,9,0,63.5
11,193,1,2,1513,3978,23,1,68.4
8,130,1,3,857,2670,12,0,84.6
10,31,1,4,672,2894,6,0,83.1
7,138,1,3,78,1893,11,0,75.9
8,146,1,3,366,3730,22,0,74.6
11,210,1,4,246,1752,13,0,81.9
18,235,1,3,223,3982,9,0,59.1
11,98,1,3,2889,674,8,0,92.9
6,188,1,1,399,1152,11,0,66.3
7,185,1,1,1780,2362,23,0,75.5
7,204,1,1,797,332,2,0,77.1
3,169,1,4,1267,1174,12,1,71.7
8,23,1,3,558,2040,5,0,72.9
11,130,0,3,688,1478,5,0,59.1
5,70,1,4,542,36,20,0,59.8
12,127,1,3,173,1709,18,0,79.9
10,198,1,3,1025,1444,6,0,77.4
6,158,1,2,263,3094,3,0,75.1
8,208,1,4,19,2254,21,0,62.8
13,160,1,2,829,2687,4,0,76.9
11,62,1,1,155,2896,0,0,67.5
9,20,1,2,2256,1380,17,0,80.2
8,148,1,2,2462,440,16,1,76.5
9,127,1,2,1970,2777,8,0,84.0
7,81,1,3,369,1120,8,0,76.5
3,37,1,2,12,2989,20,0,39.0
15,95,0,3,2108,164,23,0,59.2
9,128,0,1,447,148,9,1,52.9
10,179,0,2,2720,3602,19,0,73.0
8,151,0,3,2650,2342,16,1,65.2
6,236,1,4,1533,195,12,0,80.7
8,77,0,4,279,663,3,0,56.8
4,192,1,5,389,480,22,0,78.2
15,142,1,3,1523,3949,17,1,65.4
5,181,0,3,304,123,17,0,47.9
5,113,1,3,148,1424,21,0,73.0
7,204,0,3,650,2747,8,0,63.4
12,157,1,2,2201,965,2,0,75.1
9,99,0,3,952,3524,6,1,62.2
5,139,1,3,675,2709,14,0,83.0
12,125,1,3,81,3176,8,0,66.9
11,169,1,3,763,1779,8,0,75.9
10,69,0,2,3688,1486,3,0,58.8
11,138,1,3,120,3815,17,0,78.0
16,163,1,1,584,2015,16,0,69.1
15,141,1,5,1678,3790,21,0,77.1
6,220,1,2,1080,710,20,0,77.1
13,186,1,2,955,2444,5,1,69.2
10,139,1,4,969,912,6,0,77.3
10,153,0,3,356,1361,9,0,64.0
3,157,1,2,278,3053,9,0,59.4
8,164,1,3,1325,3671,5,0,89.5
6,30,1,2,1329,3214,5,0,72.5
11,121,1,2,1614,2365,18,1,75.4
12,50,1,1,1955,1735,7,0,72.2
3,216,0,3,572,3630,8,0,52.5
8,136,1,4,556,1824,0,0,88.9
12,128,1,3,1280,3599,15,0,98.4
8,193,1,3,839,1580,5,0,82.9
11,165,1,2,968,3473,22,1,70.4
10,72,1,2,1270,681,7,1,72.6
10,135,1,4,1765,1334,14,0,91.4
8,119,0,1,329,2543,11,0,49.7
5,35,1,4,376,556,9,0,70.6
5,98,1,3,78,610,15,0,71.5
11,128,1,4,690,3845,14,0,85.7
9,133,1,2,29,2157,10,0,64.3
8,51,0,2,501,3867,23,1,40.7
7,209,1,4,625,372,6,0,85.8
8,133,0,4,270,2903,7,0,63.5
12,142,1,2,714,616,10,0,70.6
7,164,1,5,24,2816,8,0,71.7
4,92,1,1,30,1915,6,0,44.2
11,167,1,1,1383,2254,14,0,74.6
8,117,1,3,357,847,14,0,79.6
9,86,1,3,108,43,15,1,66.7
13,174,1,5,590,865,2,0,77.2
8,229,1,3,1175,1269,15,0,81.5
9,183,1,1,194,3359,14,1,58.2
5,195,1,3,780,1379,0,0,68.9
8,108,0,2,71,785,13,0,56.3
10,44,1,3,42,476,23,0,66.9
4,229,1,3,606,83,21,0,76.7
9,263,1,1,622,1134,10,0,75.3
9,232,1,3,811,2238,2,1,75.6
9,119,1,3,1035,800,8,0,81.3
12,70,1,3,2978,936,5,1,71.1
10,76,1,3,581,3981,22,0,78.2
13,38,1,2,312,2299,15,1,66.4
6,133,1,2,1268,3796,10,0,80.6
9,236,1,2,252,2339,17,0,68.5
9,131,0,2,462,1669,16,1,58.7
5,158,1,3,65,3273,16,1,63.2
11,222,1,5,20,3869,2,1,60.6
15,115,1,3,2629,326,18,0,84.2
8,262,0,3,1446,1535,23,0,64.7
10,259,1,3,952,3481,22,1,71.8
9,132,1,2,420,3679,14,1,74.6
6,105,0,4,152,3862,9,0,53.0
3,181,1,5,136,1986,7,0,81.3
6,119,1,3,230,1965,16,0,82.7
4,70,1,2,637,837,3,0,59.9
14,216,0,4,1003,508,7,1,64.7
8,212,0,2,863,2779,1,0,63.7
7,149,1,4,262,3673,22,0,75.2
11,64,1,4,2478,2120,7,1,71.4
5,66,1,2,1071,1271,6,0,51.4
6,146,1,5,646,641,8,1,73.8
9,110,1,5,756,3796,17,1,88.2
12,119,1,4,435,2988,16,1,80.1
10,201,0,3,227,1879,0,0,54.6
9,183,0,2,352,608,11,0,57.5
9,222,1,3,1134,3659,3,0,79.6
10,80,1,3,11,1959,16,0,59.5
9,119,1,2,98,566,6,0,63.3
5,185,1,3,37,1368,23,0,70.4
9,166,1,3,33,3997,2,0,65.7
5,231,1,1,1547,2102,0,0,68.8
9,165,1,2,972,1754,18,1,79.0
7,250,1,1,514,2576,1,1,70.2
16,172,0,3,82,2659,5,0,43.4
8,203,1,3,541,3604,10,1,77.5
4,120,1,1,513,1582,22,0,63.2
8,140,0,5,152,1987,20,1,54.6
10,194,1,1,455,2241,3,0,69.3
14,236,1,3,406,3967,0,0,81.5
7,183,1,4,765,2106,10,0,76.8
4,135,0,4,806,3509,15,0,64.1
11,222,1,1,37,3183,5,0,63.5
4,20,1,4,375,129,10,0,69.6
7,54,1,4,786,1873,7,0,78.5
8,180,1,3,559,706,19,0,79.5
8,140,1,3,1553,3997,0,0,86.6
11,176,1,1,859,852,13,0,83.3
6,143,0,3,142,3398,20,0,58.2
8,174,0,3,58,8,20,0,49.8
8,91,1,4,822,2077,1,1,76.2
9,174,1,3,21,1136,5,0,69.5
9,199,1,3,705,2995,8,1,73.1
10,213,0,2,2253,3745,13,0,64.4
11,260,1,2,685,2179,21,1,67.7
10,154,1,2,393,2236,7,0,81.8
10,156,0,1,824,1699,2,0,49.7
4,48,0,3,490,2757,9,0,51.0
9,108,1,4,631,1499,17,0,87.9
10,128,0,3,2270,3436,19,0,65.7
11,203,0,3,390,3276,8,1,56.4
6,103,1,3,2599,2260,8,1,75.4
7,187,1,2,1886,1645,18,0,86.8
7,139,0,3,174,276,12,1,39.7
10,129,1,2,57,3145,0,1,65.4
12,154,1,3,84,1703,16,0,74.1
7,116,1,2,14,1796,3,1,49.5
11,114,0,1,79,243,3,0,46.9
9,37,0,3,919,3859,15,0,64.7
8,125,1,4,59,3174,15,0,76.3
8,111,0,3,307,3035,14,1,60.7
11,109,0,4,1490,2733,5,0,68.6
9,165,0,3,18,171,4,0,46.3
15,179,1,3,1347,653,21,0,71.0
6,153,1,3,264,1933,9,0,81.0
10,199,1,4,100,2236,6,0,77.9
7,174,1,2,954,3513,6,0,81.0
6,122,1,2,793,1110,9,0,82.8
8,112,0,2,1679,1500,9,0,57.6
9,158,1,3,1062,2100,14,0,87.3
17,174,0,4,1301,2159,5,1,58.6
8,223,1,2,265,1973,23,1,65.4
5,211,1,3,156,2925,1,0,66.1
9,107,1,4,1111,3926,7,0,86.0
3,133,1,3,1315,1067,19,1,75.3
8,180,1,3,3725,2259,14,0,83.0
9,204,0,4,425,2036,20,1,56.6
11,196,1,3,372,3272,20,0,79.2
11,136,1,3,1198,3882,17,0,89.5
7,64,1,1,333,858,4,0,70.4
8,80,1,2,2136,3824,3,0,79.0
6,156,1,3,1563,2675,9,0,91.9
5,160,1,3,448,1050,18,0,73.3
9,74,1,5,1111,3991,13,1,71.8
5,142,0,5,1123,299,22,0,70.1
7,177,1,4,87,3149,23,0,79.2
6,70,0,2,1862,924,12,0,56.0
10,206,1,5,562,137,9,0,82.6
14,117,0,3,1401,1044,21,0,64.2
5,215,1,3,308,2488,5,0,69.7
3,107,1,3,1807,211,12,0,83.3
8,78,1,1,394,2800,20,0,56.5
9,112,0,2,8,1575,10,0,38.2
9,134,1,4,1886,2483,21,1,79.4
7,116,1,3,76,780,14,1,65.7
8,127,1,3,307,1231,1,1,66.1
10,160,1,3,2397,2487,14,1,91.7
12,129,1,4,2406,1803,18,0,89.8
3,136,1,3,681,2714,16,1,70.6
7,37,1,3,799,1066,19,0,71.8
9,163,1,2,476,411,17,0,84.5
6,134,1,2,277,3595,5,0,70.3
14,236,1,5,318,2854,14,1,69.9
7,83,1,3,893,2658,16,0,91.0
8,31,0,3,1116,427,23,0,53.4
10,177,1,3,1254,3347,21,1,82.3
7,160,0,4,1247,1472,8,0,73.3
3,79,1,3,76,2950,11,0,53.6
7,48,0,3,545,942,21,0,54.9
12,232,1,3,47,1908,22,1,61.5
7,224,1,1,637,742,4,1,59.3
6,20,1,4,466,1393,13,1,78.6
11,112,0,4,1749,1244,23,0,68.1
8,239,1,4,345,1601,7,0,80.2
7,111,1,4,99,3939,21,0,74.7
9,110,1,4,123,1256,16,0,79.4
11,123,1,3,1146,328,8,0,85.5
16,72,1,4,770,1467,2,0,67.2
11,37,1,3,85,2100,6,1,53.1
12,203,1,2,70,3958,11,1,57.5
7,29,1,3,965,1967,2,0,81.8
5,154,0,5,60,376,8,0,49.8
9,193,1,3,1380,263,13,0,96.3
9,52,1,4,979,267,22,0,72.0
5,84,0,1,67,2407,22,0,34.0
8,212,1,2,70,3389,22,0,64.2
10,171,1,3,3452,3396,17,1,84.9
10,102,0,1,375,1945,10,0,49.3
10,212,1,2,370,3980,3,0,73.4
9,212,1,2,1340,3738,7,1,73.8
7,156,0,4,2353,1894,17,1,73.8
7,85,0,1,3415,1902,12,0,56.1
5,115,1,2,1119,2700,3,1,68.6
14,157,1,1,377,3635,9,0,74.6
9,128,1,3,69,1653,7,1,57.8
8,196,1,3,1200,1445,11,0,78.6
6,48,1,3,653,46,18,0,78.6
17,50,1,3,441,3893,11,1,51.9
5,150,0,2,1894,600,21,0,62.2
7,110,0,3,94,720,1,0,53.1
10,102,1,4,542,1913,23,1,69.1
10,33,1,2,9,1293,7,0,44.2
11,141,1,3,505,601,12,0,71.2
14,136,1,2,46,381,0,1,57.2
10,179,1,2,101,118,2,1,60.9
5,144,0,3,100,3638,1,1,40.9
8,132,1,3,838,2164,22,1,80.2
9,210,0,2,1096,3702,22,1,54.0
15,61,1,2,700,260,19,1,65.2
4,172,1,5,2619,1099,7,0,80.8
12,39,1,4,375,1504,2,0,65.1
9,89,1,4,269,2353,20,0,83.0
11,67,0,3,1623,2055,14,0,66.5
8,186,1,3,202,366,1,0,75.8
6,136,1,3,2642,1658,16,1,87.5
11,139,1,1,9,2571,23,0,43.0
10,73,1,3,2802,3420,5,1,69.0
11,122,0,3,35,1462,0,0,54.3
8,94,0,2,1774,2025,3,0,61.8
7,163,1,4,600,3287,18,0,90.8
4,80,1,2,3965,2477,6,1,82.7
11,219,1,3,61,791,22,0,74.3
10,39,1,2,645,3570,21,0,66.7
6,91,1,3,2786,3612,13,0,82.5
7,240,1,1,592,747,13,0,81.5
7,113,0,2,794,2415,9,0,49.3
4,61,1,3,951,313,23,0,61.5
6,153,1,3,484,538,6,1,67.7
5,111,0,3,790,921,15,0,59.0
7,89,1,2,702,1078,3,0,78.3
6,74,1,3,1851,3613,6,1,65.1
4,306,1,3,37,1491,14,1,54.2
15,124,1,2,263,2913,16,1,69.6
12,24,1,4,2403,3236,2,0,79.6
6,229,1,3,1767,2830,15,1,87.6
9,176,1,2,486,2382,1,0,71.8
10,94,1,4,774,3619,6,0,78.6
12,84,0,4,259,798,15,0,71.2
6,180,1,5,166,348,20,0,81.4
12,125,0,3,498,273,8,0,62.5
7,24,1,3,348,3011,11,1,71.2
4,247,1,2,700,720,23,1,65.2
11,113,1,3,64,1774,0,1,74.4
12,229,1,5,2931,3486,13,0,98.4
16,216,1,3,3427,2548,10,1,79.8
5,79,0,4,958,3165,17,0,55.4
11,201,1,2,614,685,21,0,70.5
7,100,1,3,296,2127,4,0,80.4
11,27,1,4,1344,622,14,1,76.0
4,114,0,4,923,2040,6,0,68.9
5,163,1,5,141,3289,13,0,79.1
6,112,0,4,1934,947,19,0,79.6
9,121,0,3,1383,2406,7,1,50.3
7,208,1,3,2393,2666,3,1,82.2
10,146,1,4,1034,507,2,0,84.7
12,89,0,3,760,1583,11,0,58.6
10,182,1,2,433,3253,17,0,86.8
13,151,1,3,2159,2624,23,0,78.7
10,20,0,3,1608,3318,14,0,64.6
5,165,0,1,37,244,10,0,31.5
13,163,0,3,21,506,23,1,40.9
7,141,1,2,377,422,10,0,72.7
11,193,1,3,1330,3392,11,0,82.1
13,99,1,4,3491,3159,18,1,88.8
10,160,1,3,130,2265,16,0,72.7
4,45,1,4,721,3562,5,1,65.6
6,164,1,2,383,3591,20,0,77.5
12,257,1,5,2802,3350,7,0,87.8
8,80,0,2,1476,1873,14,0,74.3
9,94,0,1,1457,3794,21,0,62.8
11,97,0,4,505,3057,19,1,62.3
11,147,1,4,428,1193,9,0,74.0
9,76,1,2,255,330,14,1,59.1
8,165,0,5,46,650,11,1,39.9
8,190,1,3,1600,1465,10,0,84.7
11,172,1,5,1340,391,17,1,91.6
10,33,1,3,6537,1520,23,0,78.5
8,199,1,3,4555,381,4,0,88.5
12,196,1,3,648,3378,11,1,77.7
8,189,0,2,1172,742,23,0,58.1
6,162,0,3,2316,2011,4,1,63.3
6,153,1,3,1515,820,21,1,87.1
6,201,1,1,227,673,9,1,65.3
8,255,0,2,479,2561,13,1,50.0
12,82,1,2,110,1772,15,0,73.5
6,204,1,4,2464,2997,4,0,92.6
9,134,0,3,745,1212,10,0,64.9
7,132,0,4,207,930,18,1,52.5
8,47,0,5,891,1540,7,0,63.8
4,122,1,3,770,913,18,1,69.5
8,80,1,5,354,644,19,1,79.1
8,112,0,2,96,427,21,0,52.8
10,74,1,2,890,502,17,0,83.8
9,113,0,3,587,730,22,0,57.6
5,115,1,3,1183,1284,20,1,69.7
12,145,0,4,587,3585,11,1,57.1
9,43,1,3,1529,2119,12,0,78.6
9,53,1,2,642,2526,20,1,62.0
8,161,1,3,658,3250,20,0,76.9
7,92,1,3,1674,457,17,0,85.9
9,204,1,2,413,2237,14,0,81.8
10,153,1,3,115,291,14,0,77.6
3,176,0,4,23,3592,11,0,45.2
7,224,1,4,1125,3837,8,1,70.4
8,121,1,3,774,920,18,1,84.0
9,105,1,3,974,2340,11,0,88.6
12,192,0,1,191,1970,22,1,43.6
6,170,1,3,117,756,4,0,75.4
7,128,1,4,11,1659,20,1,62.9
7,223,0,3,345,1835,19,0,63.0
6,127,1,2,713,1307,9,0,78.1
7,141,1,4,398,1568,21,0,83.2
11,141,1,4,460,1870,6,1,71.8
5,83,0,3,1876,377,22,0,59.2
10,144,1,2,342,3730,10,0,63.6
3,223,0,2,577,1180,7,0,46.9
7,166,0,2,1224,508,20,0,68.7
8,141,1,3,404,1437,6,0,79.5
14,130,0,2,778,2576,15,0,60.4
8,159,1,4,1586,3427,15,0,85.8
3,184,1,5,2388,559,13,0,100.0
3,176,1,3,127,3835,14,0,65.9
9,120,0,3,2089,3259,19,0,69.5
10,159,1,3,542,3103,8,0,81.9
10,168,1,4,238,2308,15,0,79.3
9,79,1,4,491,421,15,0,80.6
12,150,1,1,3130,1553,4,0,80.6
7,20,1,2,542,3623,2,0,61.9
11,168,1,4,318,304,20,0,80.0
4,179,1,3,802,942,12,0,74.3
6,184,1,2,219,3111,7,0,66.4
3,116,1,3,63,3561,16,0,68.9
8,158,1,4,110,3716,4,0,78.5
8,225,0,2,109,2590,5,0,45.4
9,224,0,4,131,3742,1,0,60.2
9,138,1,1,119,1302,21,0,66.9
6,148,1,4,819,3275,13,0,87.3
8,206,0,3,160,1090,3,1,47.2
4,49,1,2,339,2156,2,0,59.6
13,120,1,3,1816,2316,8,0,81.4
8,220,1,4,513,2270,17,0,89.8
7,198,1,4,881,1828,11,0,80.3
13,162,1,3,151,1554,8,0,69.6
5,49,1,3,170,3162,17,0,56.3
5,137,0,3,33,693,12,1,24.9
5,104,1,3,148,255,13,1,63.9
8,159,1,4,261,1479,9,0,69.1
10,91,0,1,155,2301,2,0,50.6
11,78,0,2,74,257,6,0,40.4
16,20,0,3,102,2431,17,0,51.9
3,213,0,2,494,442,15,0,57.4
10,116,1,4,184,1882,16,0,84.8
7,149,0,3,362,2647,5,0,55.8
7,139,0,3,560,1114,11,0,58.3
7,75,1,4,937,3821,18,0,79.5
6,64,1,3,32,2438,2,0,58.2
14,79,1,3,1285,582,2,1,64.9
11,96,0,1,790,3116,17,1,57.1
9,161,1,3,68,1736,10,1,60.7
13,92,1,2,1654,3736,5,0,86.3
4,244,1,3,2029,2646,18,0,77.8
5,201,1,3,50,19,4,0,64.0
3,188,1,2,259,1125,12,0,74.1
6,132,1,3,1312,3986,4,0,91.8
9,230,0,2,1103,2655,2,0,56.6
9,126,1,4,163,3838,18,0,87.5
9,138,1,1,187,1381,16,0,61.7
4,150,1,4,370,1566,21,0,64.6
11,182,1,3,530,3833,2,0,81.8
9,178,1,3,770,2081,14,0,87.7
11,111,1,2,368,1994,16,0,82.0
3,108,1,5,496,3301,12,0,74.5
9,178,1,2,1100,1548,13,0,78.3
5,182,1,3,29,3702,15,0,53.9
7,116,1,5,232,862,10,1,70.2
10,44,1,4,999,155,16,0,85.1
9,127,1,3,1804,3495,4,0,88.6
6,177,1,5,573,905,20,0,87.1
9,248,0,3,607,1270,14,1,60.4
4,68,0,2,90,405,17,0,47.2
12,114,1,3,474,844,15,0,90.4
8,116,1,2,608,1783,13,0,86.0
12,221,1,2,222,1565,13,1,75.5
7,137,1,4,250,1185,12,0,80.4
7,85,0,3,378,747,0,0,61.7
6,173,0,1,16,1726,5,0,35.1
11,115,0,4,310,3189,22,0,63.5
6,66,0,2,190,271,10,0,41.8
10,86,0,5,317,770,10,0,71.1
7,244,1,5,102,1716,15,1,79.0
3,163,1,4,1769,1511,23,0,77.3
7,146,0,4,720,3957,2,0,68.9
5,125,1,2,909,172,16,0,80.7
9,157,1,3,1245,274,21,0,78.3
5,156,1,2,552,2307,13,0,71.5
11,157,0,2,72,1159,1,0,43.8
8,146,1,3,616,1707,8,0,79.3
8,192,1,1,707,3794,7,0,80.4
10,141,0,5,1094,1772,10,1,63.5
11,81,1,4,452,422,6,1,77.2
8,103,0,3,109,1445,21,0,51.0
6,21,1,3,267,1210,1,0,72.0
3,261,1,3,360,2412,3,1,61.8
6,191,0,4,830,3679,22,0,69.9
7,90,1,3,676,2426,13,0,89.3
9,123,1,2,352,3595,12,0,68.5
7,101,1,3,3444,580,21,0,83.8
11,232,1,3,744,891,12,1,71.3
7,54,1,5,216,722,12,1,75.1
8,146,1,2,85,3268,4,0,74.2
12,133,1,1,132,881,11,0,66.7
10,189,0,4,225,1122,5,0,73.9
8,133,1,4,140,2653,21,0,69.5
7,34,1,4,165,2008,13,0,72.6
7,124,1,3,268,2070,7,1,74.7
6,81,1,3,152,1474,23,0,73.5
7,144,0,3,1816,3244,21,0,62.1
11,226,1,1,66,383,7,0,65.1
8,35,0,3,594,2182,6,1,59.7
4,91,1,1,422,1450,16,0,64.2
14,106,1,2,3230,3097,20,0,80.1
9,117,1,4,95,2551,10,0,69.0
4,184,1,2,405,3257,9,0,64.3
7,129,1,4,2791,3157,12,0,94.9
9,164,1,2,1604,1591,9,1,81.5
14,102,1,2,1358,1787,20,0,73.5
5,153,0,3,238,144,13,0,57.3
11,186,0,4,149,1887,8,1,55.2
13,96,1,3,883,3982,6,1,70.7
7,186,1,4,2120,1703,6,0,92.0
8,143,1,1,650,1436,17,0,80.2
5,202,0,4,678,224,15,1,60.6
8,127,1,2,262,220,7,0,61.3
8,162,1,4,1173,179,15,0,92.1
10,137,1,3,165,1655,18,0,82.7
12,134,1,4,312,433,14,0,89.9
6,155,1,3,443,265,14,1,80.1
3,172,1,2,566,954,5,0,61.9
8,65,0,4,222,429,8,0,59.3
9,226,1,2,97,3734,14,0,76.8
9,28,1,2,754,2464,6,1,62.3
8,98,1,4,272,3525,7,1,72.2
9,134,1,2,696,2775,17,1,83.7
13,164,0,2,134,2245,20,0,55.0
10,234,0,3,524,1578,15,0,66.6
7,28,1,4,608,3125,14,1,68.4
7,109,1,2,42,480,2,1,56.2
8,20,1,3,328,3515,0,1,57.4
13,141,1,3,115,1354,12,0,63.2
8,156,1,4,52,3323,21,0,72.8
8,235,0,4,3680,3879,11,0,64.0
7,147,1,4,311,890,8,0,76.5
12,202,1,3,1328,3855,1,0,81.4
14,175,0,3,235,925,8,0,49.9
10,113,1,2,915,2171,7,0,83.2
9,55,0,3,1142,1903,4,1,48.7
9,156,1,5,724,1411,12,0,75.2
3,50,0,3,510,1363,1,0,48.9
11,217,1,1,424,778,9,0,80.3
9,130,1,3,343,2396,5,1,70.8
10,211,1,3,2122,29,6,0,88.2
6,111,1,3,1420,3023,2,1,77.9
7,156,1,3,2682,35,13,0,94.0
7,152,0,3,106,3590,15,0,55.9
12,137,0,2,1050,1420,5,0,57.0
7,114,1,4,2228,2671,21,1,76.2
15,163,1,3,159,3366,7,0,66.0
10,84,0,2,55,589,0,0,50.7
5,67,0,2,1081,3421,19,0,53.0
8,214,1,4,683,3219,14,0,86.1
7,183,0,4,1475,3139,16,1,65.7
3,143,1,3,120,904,23,0,63.2
13,239,1,1,1268,2568,17,0,78.8
11,123,1,1,180,2170,23,0,58.0
10,219,0,2,142,340,2,0,50.8
9,150,1,3,143,175,23,0,71.5
4,78,1,3,1348,1924,5,0,66.8
7,250,1,3,875,1715,16,0,83.4
11,199,1,3,592,597,22,0,80.8
5,132,1,1,355,451,12,1,69.2
3,183,1,2,1677,557,22,0,76.7
8,115,1,3,398,1160,21,0,75.2
8,189,1,2,1356,3927,16,0,83.7
9,20,0,1,462,3088,20,0,45.3
11,78,1,3,378,1357,15,0,74.9
10,198,0,4,496,3267,16,0,68.7
9,125,1,4,286,3568,0,1,70.0
12,152,1,4,1101,2057,15,1,80.8
4,59,1,3,558,3900,5,1,59.3
10,250,1,3,211,2382,7,0,73.4
10,211,1,2,1838,3405,0,0,84.1
5,127,0,5,387,1017,1,1,49.7
4,115,0,2,627,2375,14,0,46.4
6,201,1,2,1895,2063,4,0,76.1
7,258,1,2,783,839,23,0,69.4
11,197,0,5,99,1638,19,0,65.8
7,270,1,5,2248,226,14,0,88.2
6,84,1,4,790,3497,20,1,74.3
7,90,0,3,326,1814,9,0,56.8
12,68,0,3,119,3480,4,0,44.9
9,166,1,5,1264,2161,2,0,93.5
8,150,1,3,774,2021,5,0,85.8
8,130,1,4,609,1452,20,0,78.9
12,188,0,2,1794,2049,14,0,68.0
6,213,0,2,1243,2314,17,0,64.4
12,48,1,4,131,1515,13,0,74.9
9,104,0,2,298,1232,9,0,54.6
8,189,0,4,228,1646,3,0,62.5
16,111,1,3,1089,1736,10,0,68.4
5,92,0,4,27,3000,19,0,48.9
7,201,1,2,674,3441,6,0,69.7
5,62,1,3,1149,306,14,0,67.4
11,121,1,3,1674,2060,22,0,84.5
14,159,0,3,334,3417,8,0,49.0
14,105,1,3,1377,3537,14,0,77.2
12,186,1,5,93,1724,11,1,64.7
8,105,0,3,1498,1690,17,0,65.8
7,224,1,2,109,1518,5,0,64.4
3,132,0,4,405,1392,17,1,50.2
15,180,1,2,1276,3918,17,0,78.1
10,184,1,3,129,2985,21,0,82.3
7,102,1,2,208,420,23,0,68.3
12,20,0,4,1024,2937,5,0,60.9
6,161,1,2,1018,3863,14,0,89.8
10,144,1,2,819,2219,18,1,80.9
8,173,0,4,947,134,4,0,62.7
10,126,1,4,625,2031,3,0,87.1
8,114,0,2,232,3013,16,0,65.4
4,260,0,4,339,1451,20,0,61.7
9,51,1,4,160,3097,9,0,76.5
12,184,1,1,1912,1554,11,0,72.7
8,105,1,4,700,3262,4,0,84.5
11,119,1,3,409,1165,6,0,74.2
5,120,0,3,495,3627,11,0,46.0
8,91,0,3,2354,1870,22,0,69.9
7,174,1,3,133,1820,1,1,66.6
11,223,1,1,705,2706,19,0,79.6
9,168,1,4,563,3387,16,0,84.9
11,146,1,1,756,3516,12,1,79.3
12,80,1,3,14,1343,4,1,63.3
11,171,1,2,1645,1465,4,1,71.6
9,269,1,4,2151,3164,19,0,93.2
6,117,1,2,666,2227,11,1,72.1
8,117,1,3,954,1080,11,0,86.6
7,106,1,3,2045,1179,6,0,87.3
7,110,0,4,982,1696,5,1,60.4
7,20,1,3,132,111,9,1,50.5
6,164,0,4,686,2185,18,0,80.0
3,89,1,1,746,2280,15,1,60.8
6,43,0,2,441,3040,1,0,54.1
9,185,0,3,1066,468,3,0,64.1
4,75,1,4,2178,2780,8,0,78.6
9,119,1,1,2078,2529,4,1,65.1
14,227,0,1,479,3140,0,0,50.8
12,55,1,2,96,814,10,1,52.3
13,48,0,3,3351,1273,18,0,61.5
10,156,0,3,1460,994,22,1,55.7
12,208,1,4,106,2032,2,0,81.3
6,45,1,1,2029,323,0,0,73.2
7,164,1,2,1631,2970,3,1,80.9
3,174,0,2,585,904,8,0,50.4
12,20,1,3,715,1542,15,0,76.4
13,187,1,3,407,2000,6,0,71.1
7,192,1,2,45,1816,4,0,69.9
8,121,0,4,326,3504,12,0,61.0
6,215,1,2,1299,3559,10,0,80.6
10,208,1,3,3,2654,13,0,59.0
12,146,1,3,324,2477,21,1,83.9
3,112,1,2,406,3341,16,1,65.1
10,81,0,4,616,3781,22,0,61.1
8,137,1,4,2019,3609,11,0,82.3
9,174,0,3,340,148,20,1,54.5
10,120,0,3,340,1142,22,0,55.1
8,20,1,2,1070,850,20,1,61.5
8,216,1,3,481,367,20,0,70.8
8,151,1,2,203,2898,18,0,76.7
11,117,1,4,481,1090,4,0,81.9
10,191,1,2,121,2039,23,0,78.3
9,231,0,1,155,2861,7,1,39.2
5,20,1,2,551,3442,1,1,41.8
7,166,0,2,434,175,16,0,60.6
11,54,1,3,1970,1855,1,1,76.3
9,169,1,2,360,588,22,0,77.0
10,147,0,4,695,495,2,0,70.7
14,178,1,2,800,3021,23,0,79.7
12,110,1,3,10,1138,19,0,64.2
9,27,1,3,871,3183,23,0,67.4
7,112,1,5,156,1785,17,0,79.8
3,164,1,5,2596,3511,14,0,86.4
8,200,1,4,128,3787,4,0,78.8
8,69,1,4,428,1171,21,1,65.7
10,201,1,3,71,35,16,0,65.8
8,101,0,4,4614,999,13,0,80.4
8,161,1,5,558,1333,0,0,91.6
3,109,1,1,723,2586,13,0,62.9
6,150,1,3,55,2798,8,1,64.5
10,193,1,2,1108,1038,4,0,68.4
14,66,1,3,188,374,3,1,54.8
8,99,1,3,1826,2605,0,0,78.0
9,151,1,3,183,1452,2,1,70.5
11,284,1,3,169,1752,19,1,80.0
6,88,1,5,29,2281,10,0,77.6
10,262,0,3,511,705,15,0,70.8
6,260,1,4,665,563,10,0,78.4
11,134,1,2,54,2987,20,1,61.3
9,122,1,3,1195,2935,9,0,83.7
9,98,1,3,483,2774,11,0,72.5
6,135,0,2,594,3735,4,0,63.5
11,55,1,3,464,3512,9,1,65.4
15,135,0,3,409,3574,23,0,50.6
5,229,1,3,656,3347,12,1,68.9
7,103,1,3,134,1874,18,1,71.4
9,125,0,3,160,2124,6,0,61.5
11,37,0,2,1583,439,15,0,69.0
7,162,0,3,2336,3804,5,0,66.1
3,155,1,2,373,1884,9,0,64.6
13,143,1,2,252,1980,9,0,69.8
11,126,1,1,826,699,10,0,74.5
3,122,1,1,420,1313,21,0,70.1
7,170,1,2,20,2963,9,1,48.8
13,138,1,1,135,1564,13,0,64.5
13,158,1,2,1006,2939,14,1,77.7
11,152,1,3,860,692,6,0,80.8
8,207,0,1,21,2301,12,0,41.1
9,180,0,3,200,3198,10,0,46.7
8,151,1,4,210,1201,6,0,85.6
12,231,1,4,891,3109,10,0,85.4
6,165,1,2,15,2458,13,0,77.1
6,218,0,4,87,1635,16,0,63.0
12,176,1,2,1287,1634,15,1,75.6
8,29,0,1,157,127,0,0,42.3
13,218,0,5,846,1507,8,1,69.7
6,148,1,4,217,1192,8,1,67.4
8,136,1,3,83,2640,9,0,73.5
6,156,0,3,222,294,18,0,64.1
9,119,1,3,1024,3917,14,0,89.8
4,153,1,2,1548,3710,15,0,72.9
7,104,0,2,1418,1367,10,0,65.2
4,216,1,3,404,1020,23,1,65.4
11,133,0,4,882,2358,16,0,79.2
11,117,0,1,183,2710,18,1,56.5
3,84,0,4,277,2576,12,0,55.0
13,156,1,1,1813,2588,5,0,79.1
16,151,1,3,10,419,14,1,46.6
9,163,1,3,71,444,15,0,73.9
7,78,0,3,186,685,3,1,38.9
17,43,0,1,21,3630,7,0,29.0
5,177,1,3,160,2888,6,1,60.0
9,229,1,3,699,2284,16,1,73.2
9,78,1,1,437,1463,15,0,64.4
13,235,0,2,1785,2262,1,1,68.9
10,157,0,3,1360,85,16,0,67.9
7,139,0,3,334,2842,3,0,62.1
6,116,0,2,240,1768,13,0,59.2
7,56,0,3,382,85,7,0,50.1
5,199,0,4,713,1945,4,0,63.2
9,93,1,1,249,3561,4,1,59.8
7,93,1,3,782,2113,4,0,79.1
4,199,0,1,421,1670,4,1,45.3
12,27,1,1,642,663,2,1,56.4
7,48,1,2,458,627,5,1,53.0
5,138,1,3,279,64,0,1,55.3
8,157,1,4,2372,3415,7,1,84.3
9,169,1,2,1153,2987,12,0,75.6
3,121,1,3,120,3947,19,0,74.8
9,291,1,3,1622,919,5,0,84.0
5,126,1,2,534,1376,17,0,76.5
14,126,1,3,1799,1182,17,0,91.1
10,92,0,4,1286,1613,15,0,78.3
7,147,1,4,443,491,7,0,90.6
6,176,1,4,18,3730,16,1,67.9
8,212,1,2,250,1879,7,0,74.8
10,50,1,4,624,3535,14,0,85.3
8,125,1,2,802,3297,9,0,74.7
8,166,0,3,238,1941,0,0,60.0
9,175,0,4,120,313,8,0,52.8
7,140,1,1,1441,2663,16,0,78.1
7,172,1,3,3328,919,19,1,82.7
3,91,1,3,596,1883,0,0,77.7
11,233,0,3,150,813,8,0,54.5
9,199,0,2,254,2988,13,0,55.4
6,59,1,5,14,1490,23,1,58.0
14,75,1,3,1965,3160,4,0,68.5
9,77,0,2,100,3955,5,0,32.8
5,180,0,1,687,1327,4,1,39.3
11,62,1,4,256,680,3,0,69.4
10,120,0,1,646,435,15,0,65.5
10,167,1,2,843,682,15,0,88.7
7,136,1,3,1416,1159,9,0,82.7
10,155,0,3,184,1074,13,0,60.1
8,76,1,3,8,1456,12,0,48.6
10,175,0,3,117,2388,3,1,46.5
3,103,1,4,1842,2395,13,0,71.9
7,120,1,5,1656,2694,23,0,88.1
14,154,1,2,727,1371,23,1,69.7
6,146,1,3,734,649,8,1,69.4
7,141,1,4,874,245,2,1,74.1
7,94,0,3,154,2157,9,0,53.8
5,122,1,3,1966,3897,14,0,81.7
3,140,0,2,434,3871,23,1,46.1
8,57,1,3,386,2581,18,0,76.5
9,112,0,3,585,3162,1,0,65.7
8,163,1,3,38,296,1,0,69.9
8,63,1,5,145,2160,8,0,72.0
9,209,1,1,1071,3885,3,0,86.8
12,216,1,1,69,1613,4,1,52.7
8,65,1,1,739,3249,1,0,61.4
7,221,1,3,225,2391,6,0,74.2
8,131,0,2,394,3732,18,0,61.0
10,165,0,3,272,2149,5,0,58.5
13,110,0,2,351,3830,22,1,44.0
7,195,1,3,1015,2677,15,1,89.5
9,164,0,2,282,1628,13,0,58.1
10,91,0,4,668,3473,11,1,53.3
6,70,1,3,517,28,5,0,72.0
9,52,1,4,871,2985,21,0,81.7
4,151,1,3,2209,1986,12,1,78.3
3,174,1,2,1055,1561,14,1,56.7
10,179,1,2,193,58,23,0,74.9
7,132,1,5,25,1522,13,0,85.4
9,70,1,3,243,297,7,0,64.4
8,99,1,1,723,2182,20,0,72.7
6,209,1,3,42,3403,19,0,67.8
8,110,0,3,548,2297,10,0,58.2
5,148,0,2,726,3069,20,1,38.7
13,75,0,2,325,2598,8,0,52.1
4,160,1,4,1178,902,11,0,77.1
8,112,1,1,90,1965,5,1,42.5
5,202,1,2,62,1099,18,0,60.0
10,186,1,2,1042,1678,2,1,68.2
8,110,1,2,547,2882,0,1,73.1
7,132,1,3,932,1192,14,1,79.0
11,106,0,1,456,771,14,0,58.3
9,54,1,2,226,1527,4,0,67.0
10,88,1,4,1367,3957,21,0,91.6
6,151,1,2,1285,1379,23,1,74.0
4,159,1,3,949,1249,10,1,63.2
9,148,1,3,254,3736,22,0,68.0
8,121,1,3,713,1555,0,0,87.4
10,195,1,4,358,146,22,1,90.2
8,143,1,2,76,1984,9,0,67.6
9,182,1,4,1994,1265,19,0,94.6
4,33,1,4,117,1908,10,1,59.8
14,20,1,3,2400,2941,6,0,69.1
8,157,0,1,472,2392,16,0,63.7
11,54,1,1,163,1773,11,0,61.0
6,127,0,3,624,1059,3,1,50.7
9,121,1,4,1650,2750,11,0,84.5
5,235,1,3,1054,2049,23,0,67.3
10,163,1,2,1314,2020,2,0,85.3
7,149,1,1,860,153,17,0,74.4
9,190,1,3,942,2477,11,0,83.5
11,162,1,3,1513,508,23,0,75.4
5,112,0,2,229,3198,23,0,52.8
6,204,0,1,537,491,18,1,51.5
10,73,0,3,200,3554,12,1,46.8
15,159,1,3,3516,345,15,1,76.3
8,47,1,3,2306,1936,7,1,67.4
10,152,1,4,32,1762,5,0,62.8
8,151,1,3,978,221,9,1,79.9
14,240,1,2,2074,1939,9,1,73.0
3,46,1,3,159,1943,5,0,58.9
9,103,0,5,671,723,7,0,64.8
4,189,1,4,1976,3097,17,0,84.9
3,160,1,4,27,528,16,0,66.8
9,150,1,2,956,3254,9,0,69.5
9,82,1,4,282,1523,1,0,75.8
8,104,0,4,2065,2889,11,1,71.0
8,214,1,3,2833,1665,19,1,80.3
18,136,0,2,2309,3114,9,0,60.8
8,162,1,5,514,3987,8,0,86.7
10,133,1,3,1584,481,15,0,91.3
7,69,0,2,1489,2978,6,1,50.4
9,196,1,2,307,1872,8,0,73.3
8,170,1,3,1412,3820,23,0,80.4
7,278,1,3,30,2920,5,0,62.3
14,79,1,1,725,1463,9,0,64.2
12,189,0,3,209,1426,6,1,55.9
9,61,0,4,102,3618,17,0,46.9
3,149,0,3,64,345,10,1,34.8
7,198,1,2,953,3965,0,0,70.7
17,20,1,3,332,45,20,1,50.8
8,127,1,1,1032,3718,23,0,74.8
12,106,0,2,54,2069,18,0,59.4
13,97,0,3,303,1658,22,0,65.8
9,163,1,4,620,3142,4,0,73.8
6,207,1,3,1251,1888,23,0,75.1
3,132,1,1,307,2921,5,0,61.2
11,152,1,3,786,2096,21,1,77.4
6,146,1,3,1737,1515,6,0,76.2
9,140,1,4,765,2599,22,0,81.8
5,74,1,4,212,2335,3,1,60.1
8,206,0,2,19,1002,15,0,53.7
9,157,0,2,1632,1034,9,0,61.2
9,163,0,2,17,2590,14,1,30.4
5,91,1,4,1661,2041,12,1,77.4
12,112,1,1,602,2804,7,0,68.4
7,129,1,2,2238,274,21,1,77.8
3,47,1,3,1282,956,12,0,62.3
8,38,1,2,4945,2648,23,0,78.2
9,103,0,1,345,1780,6,0,54.1
9,171,1,3,1166,381,16,0,93.8
13,100,0,2,411,1353,3,0,49.5
8,78,0,3,522,479,6,1,41.4
8,91,0,5,790,2063,15,0,82.1
5,112,0,2,1655,516,1,0,55.9
11,118,1,3,3312,191,20,0,82.8
9,269,0,4,1169,1192,21,1,64.2
7,203,1,4,432,3593,22,0,76.1
3,201,0,3,437,2669,13,1,50.9
13,210,1,3,1070,1161,13,1,76.6
5,80,1,1,218,2202,7,0,66.7
7,66,1,3,93,1412,5,1,51.8
10,73,1,5,350,3281,21,0,62.1
5,220,1,3,270,272,6,1,58.6
4,107,1,3,281,143,6,0,64.7
3,64,0,2,212,3683,1,0,36.3
11,114,1,3,34,1913,3,0,69.4
7,125,1,3,14,3892,12,0,56.9
17,156,1,3,3519,1093,9,0,75.5
6,155,1,1,446,2295,8,1,64.6
6,90,1,3,388,3333,14,0,79.1
7,181,0,3,910,788,11,0,63.6
9,101,1,2,196,2127,9,0,73.9
7,130,1,2,2395,1682,18,1,80.5
10,181,1,2,1234,623,20,1,77.9
6,101,1,3,74,3842,4,1,58.3
4,105,1,3,432,3677,6,1,60.0
3,175,0,4,1690,2573,19,0,73.7
3,88,1,2,2316,2820,10,1,63.6
7,116,1,4,503,938,15,0,99.1
8,173,1,3,760,3693,12,1,78.3
7,263,1,3,146,3402,3,0,68.9
12,176,1,1,3783,3261,15,1,82.2
12,168,1,2,210,1119,12,0,73.0
7,171,1,5,2288,617,0,0,84.5
3,75,0,2,839,1032,21,0,51.4
7,146,1,2,748,67,3,0,81.3
7,138,0,2,575,3568,14,0,70.4
7,159,1,4,209,191,20,0,83.1
6,146,1,2,155,3438,15,1,69.9
7,162,0,2,199,2816,3,0,58.6
7,121,0,3,165,521,16,0,53.9
7,143,1,3,1209,990,10,1,85.5
9,66,0,3,344,1141,4,0,54.6
10,120,1,3,47,2315,12,1,51.3
6,223,1,4,2781,1635,11,0,82.0
12,159,1,4,1721,2533,22,0,88.8
6,138,1,4,2102,3581,2,0,83.8
4,253,0,2,4224,3370,3,0,61.6
10,58,1,4,152,3981,9,1,56.5
6,73,1,2,403,1188,8,0,60.0
9,242,0,2,1135,376,9,1,51.4
3,142,1,4,952,653,12,0,93.0
13,125,1,4,133,3340,0,1,63.4
11,68,1,3,1353,549,11,1,74.3
4,166,1,4,203,1098,10,0,65.9
4,172,0,5,202,3580,20,1,47.5
14,74,1,3,615,73,7,0,72.1
6,131,1,3,719,2356,22,0,79.9
6,119,0,4,694,199,13,1,63.5
3,155,1,2,76,3202,13,0,65.6
7,72,1,2,1679,1782,19,0,70.4
8,215,0,4,246,3896,22,0,59.9
11,194,1,2,110,572,16,1,66.3
4,118,1,2,1756,791,21,1,68.8
4,127,1,2,2492,1639,18,1,71.2
10,131,1,3,1585,1832,19,0,91.4
12,93,1,5,1326,1856,23,1,79.1
4,113,1,3,851,1511,20,1,63.2
12,123,0,3,640,3925,20,0,63.2
9,236,1,5,72,1175,16,0,76.2
12,196,1,4,420,3741,5,1,71.2
8,196,0,3,373,3278,13,1,54.8
3,162,1,4,240,179,17,0,73.3
8,72,0,3,1028,2245,16,1,54.1
12,137,1,2,547,735,5,0,71.3
6,198,1,2,67,2137,4,1,62.5
7,64,0,3,198,799,12,0,47.1
8,178,1,3,919,3506,15,0,88.3
3,279,0,3,63,788,20,0,37.2
14,203,1,3,1524,2796,8,1,62.3
6,224,1,1,546,3255,11,0,77.3
10,153,1,1,524,209,9,1,66.4
8,198,1,3,717,493,12,0,82.9
12,96,0,2,1392,3202,18,1,66.6
10,187,1,3,341,2713,15,0,77.2
8,179,0,3,906,3085,16,0,59.2
6,157,1,3,667,1658,15,0,89.8
11,218,1,2,248,2919,13,0,80.5
3,107,1,3,1687,732,15,1,79.6
10,128,1,4,1277,1130,23,0,94.3
5,145,1,5,859,3447,14,0,78.5
12,78,1,4,1520,1606,11,0,83.5
9,153,1,3,1615,3779,4,0,82.6
10,36,0,2,985,2746,10,0,57.3
9,202,0,3,1451,3171,4,0,74.5
3,142,1,4,956,594,23,0,76.8
6,108,1,2,911,3659,23,0,74.3
11,89,1,2,771,2934,10,0,70.5
9,125,1,2,1117,2900,1,0,67.7
12,181,1,3,138,1216,18,0,85.1
10,172,1,3,1702,325,16,1,89.7
6,97,0,1,1643,979,18,1,62.6
6,89,1,4,23,1750,11,0,66.6
9,179,1,3,1398,1851,19,0,92.1
3,96,1,2,110,3004,22,0,62.1
14,143,0,2,326,1491,4,1,42.7
10,147,1,2,1088,894,11,0,84.6
12,158,0,3,140,1391,15,1,55.4
4,191,0,2,1362,3390,0,0,57.6
12,64,0,3,1427,144,1,0,58.9
15,25,0,4,566,384,9,0,49.0
5,105,1,3,5,2264,1,0,52.4
11,248,1,2,270,3433,9,0,71.2
9,261,1,3,767,2372,22,0,83.5
4,249,1,4,3178,3087,17,1,89.8
10,128,1,1,799,217,0,1,69.6
11,33,1,1,240,1516,4,0,66.5
7,20,1,3,804,2999,11,0,66.8
12,103,0,3,621,3619,16,1,63.6
3,128,1,2,1210,2231,18,0,78.9
4,218,1,3,90,2318,17,0,73.3
9,192,0,3,1145,2993,12,0,62.2
9,153,1,4,623,1491,21,0,87.7
6,86,0,2,2637,2918,2,1,54.3
11,82,0,4,334,1636,20,0,67.7
10,155,1,1,801,3591,9,0,80.3
11,181,1,3,2150,3614,13,0,84.6
8,163,1,3,86,2515,7,0,72.5
10,77,0,3,2214,2353,9,1,51.2
7,179,1,4,931,1168,1,0,87.0
15,165,1,1,56,111,12,0,54.6
6,75,0,3,286,1014,4,1,41.9
15,92,1,2,985,232,10,0,67.5
9,181,0,3,55,1715,23,0,57.9
4,125,0,1,698,3656,0,0,44.0
13,235,0,4,339,3794,9,0,59.3
9,170,0,4,775,1756,12,0,59.5
11,110,1,4,37,3664,3,0,74.4
12,139,0,2,1641,3572,20,0,67.9
10,143,1,3,2904,2643,9,1,81.4
7,96,1,1,2775,1578,11,0,76.0
11,85,1,4,1107,1297,13,0,81.8
9,182,0,3,111,3775,2,0,56.6
11,190,1,3,1135,2221,1,1,79.8
3,176,0,3,19,973,18,1,33.5
10,230,1,1,17,1031,10,0,57.6
7,107,0,3,312,3227,20,1,43.6
13,240,0,2,536,3594,6,0,53.7
10,85,1,5,1177,2594,17,0,95.8
9,79,1,4,919,2596,13,1,74.0
10,34,1,3,472,3993,6,0,71.3
6,113,1,4,255,518,21,0,84.4
13,109,1,2,4681,3992,6,0,79.2
14,171,1,4,444,914,22,0,82.3
10,154,1,2,480,2263,8,0,71.8
13,68,1,3,142,2182,22,0,64.1
7,116,1,3,1267,2333,11,0,84.2
6,117,1,1,946,3198,5,0,68.7
9,33,0,3,199,1945,23,0,45.2
10,81,1,1,68,1463,6,0,61.2
7,93,1,5,912,1873,21,0,89.7
10,226,1,2,850,2734,3,1,76.3
9,151,1,3,255,3224,15,1,65.2
6,179,0,4,2410,2379,6,0,67.5
10,50,1,2,131,3610,7,1,53.6
11,211,1,3,452,3455,7,1,70.4
9,218,0,3,2300,3187,19,1,67.5
12,20,1,2,435,2942,2,0,60.5
5,97,1,4,814,3554,8,0,75.0
10,169,1,2,405,1308,18,0,77.4
5,178,1,2,256,899,12,0,68.0
5,99,0,3,3307,1099,6,0,61.4
7,121,1,3,421,1190,19,0,80.6
6,104,0,4,1796,1213,20,0,75.6
7,146,0,4,209,2126,14,0,62.2
8,211,1,3,191,2995,18,0,75.3
11,93,1,3,25,3674,1,1,61.2
8,200,1,2,843,688,11,1,68.3
4,93,1,2,367,2069,7,1,59.3
12,89,1,3,1598,566,22,0,92.5
6,189,1,4,512,1208,22,1,72.4
8,195,1,2,2758,1895,7,0,78.2
10,191,0,2,164,3294,12,1,44.3
9,61,1,3,1623,827,0,0,74.3
12,112,1,1,1199,1352,23,0,79.9
10,189,0,3,1178,2227,9,1,50.6
6,142,1,3,1490,1812,20,1,89.9
15,75,1,3,1145,3184,23,1,55.7
9,167,1,2,787,3808,8,1,73.0
8,97,1,4,112,3798,1,0,79.7
11,247,1,1,26,1083,18,0,65.0
9,232,1,4,2029,1351,21,0,91.2
10,176,1,3,767,2953,13,0,85.9
16,221,0,4,1273,1645,9,1,56.1
8,143,1,3,525,3969,9,1,69.7
8,185,1,2,99,2717,7,0,64.9
9,228,1,4,106,191,13,0,70.9
12,154,1,3,925,1224,12,0,83.5
4,124,1,1,450,1336,5,1,55.0
3,37,0,2,179,708,20,0,38.6
7,135,1,3,541,3107,12,0,77.3
4,189,1,3,53,379,2,0,66.8
7,196,1,3,697,387,19,0,84.2
10,170,1,3,250,3830,12,0,72.4
6,107,1,3,1277,2285,22,1,73.8
4,21,1,4,297,616,22,0,65.9
9,110,1,3,485,1543,18,0,98.0
11,121,1,2,9,2331,15,1,62.6
3,121,1,4,60,2049,3,1,51.3
11,177,1,1,398,1755,2,0,72.3
11,259,1,3,523,464,14,0,79.9
11,147,0,3,733,3302,14,1,58.3
12,126,1,3,275,967,17,0,79.4
15,124,0,1,949,172,21,1,41.6
7,147,1,1,1573,3159,6,0,81.7
9,90,1,3,1210,3625,19,0,86.2
7,147,1,5,32,1147,4,0,73.6
9,167,1,3,523,843,7,1,71.7
13,152,1,3,88,1322,22,1,60.3
4,167,1,2,221,1909,9,0,61.0
6,166,0,2,3453,690,0,0,63.0
13,33,1,1,122,2623,10,0,61.2
12,178,1,2,552,1508,2,1,67.0
7,99,1,3,770,2213,20,1,82.4
11,74,0,2,969,2025,2,1,41.4
10,73,1,1,656,1723,14,0,66.5
13,166,1,3,7,383,16,0,59.6
9,126,0,4,316,2257,17,0,66.2
12,39,1,4,583,3811,7,0,71.8
16,168,1,3,73,3504,22,0,60.2
10,53,1,1,345,1413,12,1,60.6
9,148,0,3,27,1584,9,0,46.8
11,154,0,2,65,2272,2,0,46.4
7,193,0,3,404,2051,19,1,59.0
16,246,1,4,113,372,13,1,66.0
9,58,0,3,670,1711,12,0,57.7
8,136,1,5,935,1470,2,0,92.0
6,123,1,3,1289,611,12,0,85.1
12,166,1,3,178,116,19,0,83.6
11,152,1,2,146,3342,23,1,59.5
7,118,1,4,88,447,22,0,73.4
10,113,1,2,809,1392,8,0,78.2
4,73,0,4,980,3325,15,1,49.2
9,199,1,2,25,1341,22,1,70.5
10,167,1,2,2201,415,22,1,80.5
14,195,0,4,42,3167,7,1,51.0
6,121,1,1,623,1809,11,0,71.7
5,100,1,4,987,2940,11,0,76.5
6,75,1,2,1638,1048,18,0,81.5
4,161,1,4,1001,3700,23,0,84.4
13,77,1,3,1294,2711,16,0,75.6
13,250,1,3,331,1874,14,0,79.4
9,61,0,3,1349,1074,21,1,49.0
12,156,1,1,66,3574,17,0,69.4
9,234,1,4,1801,718,6,1,84.4
8,175,1,2,634,3570,12,0,80.0
8,150,1,3,1359,1359,18,0,90.3
8,81,1,3,481,3151,15,0,79.6
4,57,0,3,825,1606,10,0,46.0
9,186,0,2,597,3099,4,0,51.5
8,230,1,2,1052,2319,1,0,83.6
11,113,0,2,68,562,0,0,48.6
9,71,1,4,49,2852,15,1,55.6
8,20,1,1,227,2295,4,0,72.4
6,81,1,5,139,3848,6,0,66.5
9,133,1,2,1643,3663,8,1,73.4
11,235,0,2,197,387,3,0,59.8
5,180,1,3,2979,702,18,0,81.2
9,158,1,1,328,2607,19,0,76.1
9,115,0,3,160,973,14,0,62.9
6,105,0,4,1247,1385,6,0,56.4
7,224,0,1,860,3938,23,0,51.2
9,152,1,4,551,984,17,0,86.9
5,20,1,3,648,1512,4,0,63.3
10,99,1,2,1016,352,20,1,64.8
6,88,1,2,207,1725,12,0,71.3
12,107,0,4,4486,1952,2,1,69.3
16,173,0,2,2944,1280,5,0,63.8
6,133,0,4,840,3294,11,1,60.1
10,135,1,3,178,1908,20,1,62.4
6,218,0,1,912,753,17,0,64.7
12,98,0,3,59,2829,17,1,52.5
5,251,1,4,24,1025,3,0,59.5
10,99,1,3,238,546,19,0,78.4
6,145,0,3,496,1470,22,0,58.2
8,123,1,4,1621,79,13,1,88.2
5,147,0,2,1039,1260,13,1,50.0
11,166,1,4,1086,2382,0,0,86.9
6,166,1,4,443,889,10,0,77.5
10,94,0,3,339,3421,21,0,59.2
7,72,1,4,370,3170,8,0,66.9
8,290,0,3,3515,1106,17,0,71.4
9,110,1,3,32,2550,4,0,66.6
6,181,1,3,1614,1991,9,0,80.1
9,43,1,3,691,1501,14,1,68.0
13,123,1,3,461,3999,9,0,82.0
6,132,0,2,1033,3776,15,1,57.1
12,168,0,3,533,2813,3,0,59.0
13,20,1,2,1653,921,3,1,61.3
6,149,1,2,1847,550,7,0,78.6
4,71,1,2,438,2062,5,0,58.7
9,159,1,4,259,392,22,1,75.0
7,77,0,3,717,3419,10,1,39.5
14,88,1,3,1947,2358,12,0,88.7
9,123,1,2,189,2434,18,0,74.1
6,76,1,3,780,3281,10,0,72.1
5,111,1,2,798,1381,1,0,73.0
12,68,0,2,1056,974,2,0,63.9
7,30,1,3,112,3673,14,0,71.6
9,201,1,3,1006,3640,23,0,79.3
11,62,0,2,1917,3166,12,0,56.3
7,129,0,3,158,3165,9,0,57.5
8,185,0,4,216,340,4,1,46.0
8,103,0,2,2843,2645,23,0,59.8
11,90,0,1,159,3517,10,0,51.1
10,153,1,3,1541,757,22,0,86.3
8,207,1,1,542,1046,13,0,79.4
9,69,1,5,227,2339,19,0,81.7
7,130,0,3,1636,3557,14,0,69.1
4,36,1,3,471,3856,12,1,60.7
9,116,1,3,578,2354,2,1,81.3
14,142,1,3,356,2682,8,1,66.8
6,88,0,1,719,3200,7,0,49.5
6,112,1,4,142,2673,14,0,80.8
6,55,1,3,396,939,22,1,66.9
11,144,1,2,2789,3345,0,0,86.4
10,203,0,3,238,848,1,0,58.0
8,74,1,2,855,442,8,0,58.2
6,102,1,1,314,2551,20,0,66.6
9,170,1,3,1187,130,16,0,93.0
4,212,1,3,112,3204,8,0,55.1
9,50,1,3,2800,597,0,1,71.4
11,129,1,2,483,1959,7,1,65.4
5,156,1,3,215,1506,4,0,70.1
4,133,0,1,61,862,10,1,21.4
13,20,1,3,148,3462,5,0,63.6
7,170,1,3,586,2641,16,1,78.1
12,231,0,3,328,999,17,0,61.9
8,146,1,4,1412,2373,22,0,89.5
8,78,1,4,450,3141,17,1,63.6
10,109,1,5,228,3732,4,0,75.8
6,246,0,5,768,2496,4,0,67.3
9,194,0,4,981,1552,18,0,73.5
7,178,1,5,146,2867,12,1,75.0
5,161,1,4,146,1641,21,0,69.1
10,100,1,3,29,3237,6,0,61.3
8,127,1,1,1066,1512,13,0,77.6
8,135,1,1,872,1737,7,0,80.2
5,172,1,4,514,2757,2,1,77.0
13,230,1,3,1487,1450,3,1,79.5
11,207,1,4,1310,3769,9,1,80.8
11,54,1,2,704,1858,3,1,56.1
8,153,1,3,1621,265,17,1,82.8
3,184,1,3,184,3947,22,0,57.7
14,177,1,4,94,2660,11,0,80.9
8,102,0,1,251,3414,19,0,58.9
6,314,1,4,47,2880,19,0,67.9
10,63,1,4,606,3798,14,0,73.8
12,75,1,2,2206,3350,12,0,75.0
8,154,1,3,32,2722,11,1,51.8
12,267,1,1,104,1463,7,0,63.6
12,89,0,1,481,157,21,0,56.1
5,124,1,3,2172,1446,21,0,73.6
6,204,1,1,304,2299,8,0,69.7
11,138,1,2,566,2926,19,0,92.6
3,119,0,4,33,1633,8,0,34.7
8,173,0,3,128,2578,16,0,55.6
4,156,1,3,3451,2375,0,1,71.0
7,201,1,2,2684,3009,22,1,73.3
8,217,1,4,3,895,5,0,62.3
7,158,1,4,2426,2145,6,0,91.6
7,157,1,3,815,513,8,1,74.0
5,152,0,4,1619,216,9,0,61.7
15,169,0,4,485,3204,3,0,46.7
14,143,1,3,579,3332,15,0,86.6
5,139,1,3,536,2173,11,1,64.9
13,211,1,2,879,3154,8,1,67.4
7,230,1,2,120,3355,2,1,70.1
9,49,1,1,24,1707,8,0,50.3
8,140,1,1,294,2107,16,0,75.9
7,98,1,2,975,1568,13,0,83.2
11,121,1,4,180,2209,4,1,61.9
9,164,0,2,895,2332,20,0,54.9
7,180,1,5,2802,2154,0,0,91.3
5,133,1,3,78,1129,0,0,67.2
6,25,1,2,893,3511,2,1,60.7
4,82,1,3,469,228,8,0,71.3
9,193,0,2,1620,3772,22,1,57.9
5,20,0,5,155,3654,5,0,41.7
8,211,1,4,943,2366,8,0,79.9
13,171,1,1,1456,1488,3,0,73.6
12,218,1,4,2314,802,19,0,89.9
8,128,0,3,919,1623,18,0,62.9
8,20,1,1,550,1906,4,1,61.9
14,165,1,3,769,2922,4,0,83.4
10,216,1,3,1625,472,13,0,83.5
8,195,0,2,676,1080,9,1,52.6
4,100,1,4,24,2673,22,0,58.7
10,145,1,1,2138,2061,15,0,83.1
11,108,1,3,935,3512,22,0,81.6
7,90,0,1,902,1042,5,0,49.4
9,197,1,5,194,2742,19,0,75.8
7,68,0,4,860,3021,22,0,58.3
8,86,1,2,400,2161,13,0,77.4
3,73,1,2,842,229,17,1,58.6
8,50,0,2,90,171,8,0,38.5
11,148,0,4,857,295,6,0,66.1
7,209,1,1,5953,189,17,1,72.9
9,128,1,4,39,426,9,0,70.5
6,49,1,4,3023,977,1,0,69.1
10,190,1,3,417,1103,12,0,74.1
8,241,1,2,1636,2706,5,1,71.3
6,101,1,3,1220,919,22,0,73.4
12,111,1,3,669,3254,8,1,79.2
11,170,1,3,1072,499,19,0,86.5
7,237,1,3,1686,1822,7,0,80.2
10,108,1,3,414,2810,9,1,80.1
10,60,1,3,316,866,15,0,74.6
10,177,1,4,881,826,14,0,91.1
3,187,1,1,1319,3780,12,0,67.3
12,140,1,3,1149,1859,17,0,84.5
7,106,1,4,1278,2119,5,1,79.9
7,199,1,1,457,2296,19,0,62.5
16,171,1,3,1362,146,23,0,65.6
9,93,0,4,102,1642,8,1,42.0
7,142,1,3,629,3847,17,1,65.5
3,58,1,1,4,1320,6,1,30.7
13,181,1,2,313,2630,22,1,62.3
4,124,0,2,365,470,23,0,53.6
5,113,1,2,403,3578,4,0,64.9
8,138,0,5,951,193,10,0,65.1
13,142,1,3,393,1092,12,0,76.3
11,193,0,2,476,2542,2,0,61.9
8,175,1,4,216,3889,0,1,68.9
9,130,1,3,373,52,3,1,75.7
7,185,0,2,206,2930,18,0,63.0
9,164,1,3,60,2411,17,1,63.4
9,114,1,2,739,1821,5,0,73.8
11,132,1,5,882,2965,22,0,84.0
11,131,1,3,772,2522,9,1,66.7
10,170,0,4,498,1870,6,0,55.5
7,117,1,2,382,2569,11,1,63.8
11,116,0,4,1592,1787,7,0,56.0
8,258,0,1,585,1455,12,1,41.3
5,196,1,5,521,1868,17,0,83.7
7,94,1,4,20,3370,13,0,64.6
9,174,0,3,333,3507,10,0,64.2
11,147,1,4,382,3768,9,0,82.6
8,163,0,4,407,2739,5,0,71.2
5,148,0,4,694,3270,12,0,66.6
9,211,1,2,610,3200,21,1,72.0
9,160,0,3,749,2580,9,1,51.5
9,136,1,4,1158,2008,11,0,76.3
11,202,1,4,1341,1435,0,0,77.9
12,153,0,3,1013,840,17,1,70.6
7,147,0,4,2490,3137,12,0,62.5
7,158,1,1,14,3766,23,0,54.3
5,134,1,4,174,241,3,0,74.1
11,140,1,2,6,3441,5,0,50.8
13,104,1,2,834,536,17,0,88.3
8,94,1,3,1826,1408,4,0,83.1
8,80,1,3,223,3503,17,0,80.1
13,56,1,3,2094,83,4,0,74.6
10,87,0,3,49,982,6,0,44.6
10,129,1,2,2179,3903,22,0,84.5
5,146,1,2,346,3769,8,1,60.6
11,123,0,4,85,951,2,0,58.5
6,20,0,3,532,3900,11,0,56.9
5,234,0,3,237,611,19,0,51.1
7,205,1,3,268,574,13,0,82.6
7,166,1,4,293,2334,7,0,82.9
8,254,1,3,1299,989,11,1,77.0
4,81,1,1,619,3606,6,0,62.1
11,253,1,4,298,459,23,0,80.3
12,82,1,5,753,3284,8,0,75.9
3,154,1,3,1007,2174,11,1,67.7
11,63,1,5,254,3485,3,0,67.4
6,140,1,3,426,1523,4,0,77.0
11,163,1,3,103,2473,8,0,68.5
8,130,1,2,159,2602,6,0,69.5
9,182,1,3,914,2658,13,0,77.6
8,145,1,2,160,1985,19,0,77.9
12,108,1,2,595,1567,21,0,79.8
5,105,1,1,987,3230,16,0,66.4
10,188,1,2,90,2160,0,0,59.9
12,100,1,3,670,2450,14,0,79.4
11,194,0,3,237,3831,23,0,60.0
15,213,1,2,2635,122,14,0,78.6
7,39,1,5,528,273,0,1,68.3
11,207,0,2,1311,1318,14,1,58.0
8,263,1,3,639,398,1,0,75.4
12,155,1,2,35,2519,3,0,64.2
8,175,1,2,802,985,16,0,89.1
7,202,0,1,2419,1231,15,0,60.8
12,123,1,3,736,1134,17,0,87.5
7,150,1,4,1368,3512,20,0,85.1
4,61,1,2,1724,1302,15,0,68.7
7,148,1,3,207,3640,7,0,80.6
10,169,1,1,190,1911,5,0,71.8
13,170,0,4,755,3987,21,0,64.7
9,203,1,4,423,2617,19,0,89.7
12,93,1,1,1465,1506,1,0,67.5
4,108,1,3,1842,3875,18,0,69.5
7,253,1,5,348,3186,12,1,71.9
8,130,0,3,216,1917,21,1,43.8
8,152,1,3,1213,2945,21,0,80.4
9,135,1,3,257,820,20,1,73.4
11,90,1,3,1383,2901,5,0,81.2
7,237,1,5,440,3549,5,0,88.2
9,108,1,5,881,2758,12,0,91.2
8,72,0,4,80,1957,0,1,30.9
6,112,1,3,782,2369,21,0,83.2
8,20,0,3,480,179,20,0,57.4
8,100,1,3,706,897,23,0,85.5
8,81,0,5,147,2267,8,1,53.2
9,177,1,3,1068,2837,21,0,81.6
9,99,1,3,1589,1973,11,0,83.7
7,193,0,1,195,1552,11,0,48.8
12,223,1,3,80,492,3,1,57.5
5,186,0,5,19,3963,18,0,44.7
6,127,1,3,821,61,15,0,88.2
17,148,1,2,747,1078,11,0,67.8
5,48,0,1,632,1704,0,0,39.1
4,131,1,3,211,2586,22,0,71.5
11,88,1,4,396,2896,20,0,80.5
3,181,1,5,722,3036,3,1,65.3
8,294,1,4,549,65,8,0,92.6
15,169,1,3,3524,3684,6,1,70.2
4,20,1,3,117,586,9,1,46.6
3,118,1,3,950,1728,12,0,74.2
4,147,1,3,414,2219,7,0,68.4
11,145,1,3,447,3345,19,1,75.1
12,96,1,3,1011,3961,9,0,78.2
7,154,0,3,943,3771,9,0,67.6
11,65,1,2,3791,535,7,0,81.4
13,83,1,2,109,3463,19,0,82.0
14,178,0,4,87,2741,14,0,70.1
8,79,0,4,1030,3399,0,1,41.5
3,172,1,3,690,2156,14,1,72.4
6,57,1,1,256,1871,23,0,54.6
7,245,1,4,66,3234,16,0,83.5
8,93,1,3,71,2862,12,0,70.8
8,126,0,3,1796,1005,11,0,62.0
12,159,0,3,170,2500,2,0,49.4
12,106,0,3,312,1230,22,1,47.5
8,148,1,3,205,2638,18,1,67.9
12,174,1,4,350,1040,23,0,86.2
10,197,0,2,57,327,4,0,47.4
9,187,1,2,585,608,2,0,70.5
11,129,1,1,56,2707,20,0,63.9
9,131,1,2,1288,2,4,0,81.0
15,280,1,2,212,1034,23,1,55.3
4,196,1,2,621,2482,8,1,67.0
7,84,0,1,1696,125,5,1,55.0
8,145,1,2,841,1105,15,1,77.7
10,119,1,2,609,2533,9,1,59.5
12,131,1,1,313,2700,15,1,65.9
8,66,1,3,323,1862,2,0,71.5
4,115,1,3,885,1174,17,0,79.6
11,248,1,1,4111,2848,10,0,81.6
11,174,1,3,867,2921,18,0,89.1
3,20,0,5,652,3412,22,0,54.0
8,213,1,4,1049,129,14,1,86.7
4,205,0,1,500,438,10,0,47.7
7,118,1,4,49,751,21,0,74.8
6,183,1,3,660,2549,23,0,83.0
11,88,1,1,2528,3130,9,0,79.0
9,111,1,2,154,1222,8,0,69.9
5,229,1,2,936,2259,2,0,70.6
11,123,1,3,179,3986,22,0,67.7
4,27,1,3,613,902,8,0,55.8
9,136,1,3,81,2093,17,0,77.9
6,135,1,2,478,3169,11,0,78.0
7,211,1,2,1129,1303,22,0,78.9
10,140,1,2,341,2583,20,0,75.4
10,114,1,3,874,1434,23,0,84.4
13,202,1,5,1269,2509,15,0,96.3
8,147,1,4,2095,391,3,0,91.0
9,94,1,5,213,3919,0,0,74.7
7,209,1,3,407,1068,12,1,78.9
9,151,1,3,132,27,7,0,74.2
10,140,0,3,3912,2842,5,0,74.5
8,150,1,3,2093,3169,7,1,80.9
3,75,0,3,621,3023,18,1,38.4
9,108,1,4,1476,548,23,0,83.2
10,140,0,3,588,2669,23,1,51.7
6,128,1,2,781,567,11,1,76.1
5,216,0,4,74,704,0,0,42.4
13,153,1,4,1126,1243,3,0,79.2
10,191,1,3,109,185,22,0,73.9
8,140,1,3,1399,3141,12,0,92.0
5,203,1,1,1218,3901,16,0,69.0
6,163,0,3,986,3202,18,0,75.8
12,140,0,1,29,1591,18,1,43.2
9,139,0,1,288,1914,21,1,42.6
7,82,1,3,244,3681,4,1,61.7
10,170,1,2,357,848,10,0,72.2
6,137,1,3,73,599,6,0,66.0
13,109,0,4,2211,806,2,1,69.5
13,206,1,2,645,3703,10,0,76.4
7,64,1,3,291,3792,16,0,75.6
7,114,1,3,404,1358,10,1,73.1
3,201,1,2,474,3997,14,0,68.9
4,158,0,3,734,3226,18,0,59.7
4,137,1,3,580,3619,7,0,76.2
9,155,1,3,2014,2127,15,0,89.5
8,150,1,4,549,2627,20,0,80.9
4,49,0,3,3878,1879,14,0,62.2
8,119,1,5,1525,2461,2,0,83.5
10,236,1,3,187,546,23,1,56.1
10,100,1,2,2134,1633,5,0,83.3
3,120,1,3,98,2217,2,0,68.4
8,107,1,2,1360,2729,4,0,88.9
4,134,1,3,383,3735,0,0,70.4
11,105,0,3,1682,2631,21,1,63.1
11,169,0,3,1620,2563,13,0,77.4
6,151,1,1,1311,3386,11,0,76.7
6,186,0,3,1248,2080,12,0,61.5
7,76,1,1,290,2335,13,0,63.0
3,119,1,3,67,2642,11,1,53.1
10,126,1,4,412,3115,22,1,81.2
8,167,1,5,152,1927,12,0,84.3
11,92,1,2,949,617,23,1,70.2
5,194,1,3,339,3073,5,0,75.1
7,211,0,3,2970,3645,20,0,70.8
4,80,1,4,819,2318,14,0,79.9
5,110,1,3,1382,1204,21,0,76.0
5,108,1,2,113,1760,22,0,62.7
11,297,1,3,1584,2566,15,1,82.4
6,114,1,3,2048,3175,8,1,86.6
9,240,1,3,534,3082,7,0,78.1
7,64,0,4,745,2631,4,0,50.7
5,80,0,2,1157,3162,14,1,52.7
8,98,1,5,153,226,6,0,78.2
10,89,1,1,558,670,23,0,66.0
5,123,0,5,406,1764,16,0,66.4
11,97,1,4,126,917,15,0,62.6
6,90,1,3,366,2174,23,0,78.6
7,209,1,3,56,3004,10,0,56.9
10,213,1,1,20,3281,6,0,57.9
7,196,0,1,116,3169,10,0,50.4
9,171,1,2,2639,2122,1,1,79.5
8,145,1,1,637,3699,1,1,70.3
9,110,1,3,2700,1215,5,0,80.9
3,82,1,2,453,1706,2,0,67.9
3,161,0,4,298,1843,0,0,49.9
10,69,1,3,564,1984,23,0,67.3
12,80,1,3,463,3788,22,1,70.7
6,209,0,3,89,56,19,0,55.7
8,254,1,2,819,720,15,0,77.4
9,163,1,2,194,2601,13,1,70.7
11,206,1,2,773,2080,16,0,85.1
3,125,1,4,840,3599,17,1,69.8
6,59,1,3,131,574,3,1,56.7
8,176,1,2,50,667,2,0,64.3
11,174,1,4,1214,284,7,1,78.0
16,144,0,1,492,1745,3,0,45.8
8,125,1,3,47,3904,22,1,62.5
4,197,1,3,4217,3566,14,0,91.0
10,80,1,3,47,2235,12,1,61.7
12,93,0,4,950,498,13,0,69.1
9,79,1,4,3292,1466,13,0,87.2
6,145,0,3,218,130,4,0,51.5
11,74,1,2,122,639,4,1,49.6
10,98,0,4,103,3364,21,1,51.9
5,97,1,3,289,2162,12,0,52.5
10,124,1,1,85,3271,3,0,63.2
11,50,1,3,942,2061,17,0,83.1
12,145,0,2,51,3343,5,1,42.2
8,214,1,1,569,3673,4,0,77.1
7,148,1,4,4570,3287,2,1,86.4
12,232,1,3,1345,2492,19,0,98.0
5,220,0,2,764,3862,2,0,45.1
10,186,0,3,292,3584,2,0,58.7
4,144,1,4,782,2495,19,0,84.4
12,141,1,1,598,986,1,0,70.9
8,185,1,3,444,993,19,0,88.9
12,116,0,4,112,2763,17,0,65.1
10,27,0,2,1741,2122,9,0,47.5
5,169,1,3,477,2585,23,0,72.2
13,72,1,1,173,101,20,0,62.5
13,82,0,3,366,2224,6,0,67.3
11,140,0,4,427,427,19,0,67.2
6,134,1,2,1406,3189,21,1,75.8
8,55,1,4,1058,3238,13,0,83.4
9,149,1,4,1173,41,9,0,82.8
6,197,1,2,8,429,19,1,53.5
14,72,1,3,430,344,15,0,63.9
9,216,1,1,525,3496,5,1,63.0
3,46,1,4,15,366,16,1,56.1
10,267,1,3,240,3192,5,0,74.4
7,115,1,3,1142,609,21,0,86.5
8,148,1,3,117,2705,17,0,78.2
7,26,0,3,613,728,9,0,55.6
11,136,1,4,193,2277,9,0,87.5
12,153,1,3,9,825,8,0,58.9
9,134,1,4,220,3202,21,0,76.0
7,106,0,3,2979,1376,14,1,72.0
8,83,0,2,1293,889,10,0,61.2
9,207,1,4,2566,2044,6,1,80.8
6,141,0,3,535,1342,17,0,70.6
10,232,1,3,92,3032,1,0,72.3
10,108,0,5,635,3721,1,0,67.3
13,113,1,1,484,2884,12,0,70.3
12,188,1,3,1488,3409,10,0,79.3
6,42,1,2,82,1297,18,0,56.5
11,67,1,3,535,117,19,0,81.4
6,205,1,4,130,2866,0,0,73.6
11,69,0,5,314,2416,16,1,46.4
7,30,0,3,1069,1118,19,0,69.9
5,252,1,4,517,168,17,0,79.4
9,56,1,4,377,3002,7,0,72.6
3,151,1,3,401,1739,12,0,61.6
3,144,1,2,492,1365,3,0,70.2
8,20,1,3,1229,2709,18,0,77.0
9,123,1,5,1781,3986,2,1,81.0
7,166,0,5,2486,695,5,0,76.3
4,161,1,3,1236,925,5,0,75.2
6,194,1,4,303,152,21,0,74.7
10,116,1,2,932,586,5,0,71.1
10,182,1,2,460,3949,23,0,75.8
8,98,1,5,235,913,7,0,82.0
12,55,0,2,1470,2322,16,0,72.3
10,62,1,2,31,1578,9,0,43.8
6,52,1,3,1856,496,23,0,77.2
8,200,0,3,495,3796,4,0,52.4
4,49,1,3,811,2149,18,0,67.7
8,156,0,2,861,557,10,0,57.7
12,124,1,4,1803,1106,9,0,90.2
11,133,1,4,809,1553,2,1,79.8
13,221,0,3,761,2121,21,1,62.3
8,113,1,3,55,3086,23,0,69.9
13,176,1,3,584,3505,9,0,84.2
8,142,1,3,130,157,1,0,79.4
13,130,0,3,1069,735,8,1,58.3
8,277,1,3,574,2180,4,1,78.1
11,53,1,2,912,3410,20,0,71.1
13,217,0,2,34,3067,16,0,50.4
8,179,1,3,70,1428,5,0,66.6
9,111,0,3,1007,3448,10,1,58.6
12,237,0,3,59,3960,4,1,45.7
8,29,1,4,59,559,6,0,66.0
5,108,0,3,9,2155,6,1,33.7
15,67,1,4,2508,3692,3,0,77.6
7,164,1,1,1070,2313,20,0,68.2
9,73,1,3,348,3277,9,0,61.7
12,165,1,4,281,3151,23,0,79.8
7,128,0,3,344,155,17,0,59.0
5,111,1,3,1192,3855,0,0,74.0
9,163,1,3,866,3036,13,1,74.5
3,123,0,4,163,997,5,1,44.2
8,74,1,3,153,2295,10,0,60.2
9,308,1,4,82,531,13,0,72.7
8,110,1,5,863,2906,19,1,80.1
4,20,0,3,1156,1972,2,0,49.0
13,89,0,3,246,2586,15,1,47.0
9,63,0,1,16,729,15,0,30.3
13,189,1,3,68,1178,6,1,66.2
8,159,0,3,2750,154,7,0,74.6
6,163,1,4,280,3758,3,0,83.7
9,117,0,3,1173,92,11,0,68.2
8,123,1,5,783,3505,11,1,87.4
5,117,1,2,384,2386,9,0,71.0
13,135,1,3,184,1504,11,1,59.4
7,190,1,3,103,1717,10,0,76.3
3,160,1,3,763,3203,10,0,77.2
12,170,0,4,1192,2498,14,0,63.3
7,169,1,2,826,2017,5,0,74.3
7,193,0,1,604,2858,10,0,62.9
3,157,1,3,34,787,1,0,58.0
14,161,0,3,2765,273,23,0,62.6
5,211,0,4,1282,2028,21,0,64.3
9,100,1,5,277,2636,8,0,80.9
11,88,1,1,3128,177,10,0,78.5
10,68,1,3,736,3768,15,0,81.7
8,150,1,3,698,2879,12,1,75.1
3,28,1,5,1102,643,12,0,71.9
6,167,0,4,1336,1899,21,1,62.8
9,133,0,3,854,3121,21,0,62.1
6,208,1,3,109,567,17,0,81.3
9,99,1,2,330,666,20,0,66.4
11,127,0,3,2105,3427,0,1,59.1
11,207,1,3,203,3784,19,0,77.5
5,222,1,3,372,1332,9,0,70.8
15,99,0,3,452,2916,18,1,44.5
11,150,1,3,463,3957,16,0,90.7
8,157,1,3,759,3702,0,0,76.7
12,162,0,3,2292,1799,0,0,72.7
16,124,1,2,220,1070,16,0,71.7
4,216,0,2,103,2350,14,1,41.4
8,26,1,2,175,2916,1,0,63.9
3,114,1,4,1743,2960,10,0,70.1
9,166,0,1,830,408,20,1,46.9
10,167,1,4,269,1213,1,1,88.2
8,221,0,2,1354,2870,19,0,67.9
7,211,0,3,1580,1854,8,1,60.8
3,122,1,4,1499,1153,18,0,74.1
10,217,1,3,2009,2609,1,1,76.6
13,97,1,2,232,3609,15,0,75.1
7,195,0,2,1125,3338,19,0,62.3
10,248,1,4,493,1142,8,0,84.6
4,212,1,3,1476,2512,19,1,71.3
10,146,1,3,1043,144,20,0,78.3
7,120,1,3,1198,2490,3,0,75.2
6,48,0,3,854,3272,23,0,49.5
6,158,0,2,156,3229,12,0,47.2
7,73,0,3,630,487,14,1,49.9
10,92,1,3,3342,860,19,1,82.6
5,68,0,2,2216,3206,1,1,37.9
7,112,1,4,35,1936,19,0,66.5
8,138,1,4,144,148,17,0,76.2
5,156,1,4,113,1360,23,0,67.8
14,103,0,2,1035,3143,8,1,60.9
6,204,0,2,1362,3305,19,0,74.9
6,127,0,4,192,1358,0,0,69.5
6,92,0,2,563,2859,2,0,59.2
14,153,0,1,1469,2714,22,0,58.7
10,257,1,4,1055,90,16,0,93.3
6,160,0,2,625,1358,10,0,56.6
12,118,1,3,713,199,23,0,84.2
9,48,1,3,568,3233,7,0,70.3
9,126,1,4,282,538,20,0,80.6
7,154,1,2,665,3193,11,0,73.0
6,116,1,4,934,301,10,1,82.4
10,40,1,3,1652,724,12,0,71.0
7,88,1,3,809,1599,14,0,82.6
14,227,0,2,1145,3011,19,1,57.4
5,226,0,2,139,1460,16,0,44.5
13,86,1,3,495,68,11,0,81.4
8,180,1,3,7,3837,18,0,65.6
9,69,1,4,226,3994,19,0,70.3
11,224,1,3,1037,2507,10,0,79.2
7,154,1,3,3843,1538,9,0,88.4
11,196,0,3,83,398,16,0,58.6
3,37,1,4,410,620,21,0,60.1
6,180,1,3,1287,3358,12,0,82.9
6,139,1,2,182,1585,15,0,79.0
5,191,1,4,647,1164,19,0,78.4
8,194,1,3,1056,730,19,0,81.8
10,143,1,3,765,556,16,1,85.1
11,103,0,3,166,1953,4,0,58.8
9,186,1,3,351,2829,8,0,74.9
7,136,1,2,1225,3662,21,0,79.9
10,87,1,1,646,1752,23,1,64.5
9,84,1,4,4,2942,3,1,49.1
11,51,1,2,1145,2658,8,1,67.5
11,109,1,3,28,2796,15,0,79.1
9,206,1,1,1095,2330,6,0,80.2
6,150,1,3,180,2709,13,0,80.2
7,108,1,1,2537,2972,13,0,82.9
7,188,1,3,367,3888,6,0,63.9
8,90,1,3,316,996,23,0,84.4
9,145,1,2,128,1960,15,0,70.9
11,129,1,3,291,1602,17,1,78.3
8,186,1,4,1674,2794,5,0,91.9
9,45,1,3,4486,1481,6,0,85.0
9,88,1,4,367,2135,18,0,78.4
7,41,1,4,476,1103,7,0,78.5
6,124,1,5,1024,3277,0,0,85.8
3,212,1,4,1738,2839,16,0,83.9
6,109,0,2,719,3409,18,0,63.4
10,109,0,5,397,3326,21,0,62.9
6,192,0,4,425,2352,6,1,54.6
8,204,0,4,951,1404,17,0,72.4
10,134,0,1,2,2178,5,1,19.4
10,181,0,5,773,2644,20,1,53.8
5,75,1,4,351,1300,5,1,61.7
11,222,1,4,1264,1723,0,0,87.4
12,268,1,1,78,2606,9,0,54.5
5,171,1,2,709,899,22,1,64.0
6,20,0,5,524,1207,7,1,51.3
12,106,1,3,822,3340,6,0,74.3
8,176,0,3,53,3880,8,0,47.8
3,114,1,4,693,3394,0,0,77.1
4,216,1,1,659,1536,10,0,60.5
8,175,1,3,657,3684,2,0,74.7
5,97,1,3,740,78,17,0,74.5
7,141,1,2,902,2832,5,0,73.3
9,86,0,2,1307,3411,10,0,56.2
13,129,0,2,251,2722,4,0,48.7
8,106,0,2,1394,3628,19,1,62.1
12,210,1,3,551,1533,3,0,74.5
13,266,0,4,64,238,7,0,60.0
13,54,1,3,48,1158,9,0,70.9
9,24,1,2,325,1997,2,1,57.6
3,125,0,2,1229,1216,12,0,63.5
10,48,1,4,983,3428,16,1,77.5
12,142,1,5,1243,278,4,0,89.9
8,184,1,2,582,3090,7,0,75.7
14,229,0,2,464,524,18,0,52.3
11,152,1,3,127,180,17,1,68.2
10,128,1,4,318,123,0,0,74.1
12,21,1,3,455,1270,3,0,74.5
10,141,0,3,74,1758,17,0,65.6
3,144,0,3,199,3445,13,0,54.5
7,178,1,5,729,3123,23,1,80.9
12,97,1,2,1064,1095,10,0,83.6
6,113,1,5,5124,480,8,1,89.0
8,51,1,3,2163,3632,12,0,83.2
5,20,1,3,823,3091,16,0,81.6
14,73,1,3,437,1798,14,0,82.2
14,45,1,3,808,2132,1,0,69.6
6,160,0,3,1232,3227,5,0,68.8
9,108,1,3,100,2613,6,0,68.0
6,107,0,2,421,2667,1,0,55.5
10,80,0,3,1465,2405,23,1,66.6
10,20,0,3,387,816,12,1,39.4
11,230,1,2,678,2695,9,0,74.8
9,79,1,4,708,443,15,1,79.0
17,115,0,2,163,3141,8,0,40.1
5,52,1,3,359,2571,7,0,51.5
3,198,1,2,325,143,14,0,63.0
7,148,1,3,21,192,21,0,61.5
4,90,1,2,19,1411,6,1,45.7
4,116,0,3,1425,378,21,0,55.8
5,240,1,2,255,2629,22,0,61.8
6,135,1,1,583,535,18,0,78.2
6,129,0,4,283,1717,3,0,58.7
10,83,0,3,2259,3365,8,0,63.9
7,26,1,2,240,1033,18,0,70.2
8,130,1,1,449,3343,1,0,72.3
11,159,1,4,1649,1411,6,1,85.2
6,205,1,2,1475,2141,21,0,90.3
8,20,0,4,164,1990,18,0,45.2
10,72,1,3,1298,2577,5,0,77.5
3,105,1,2,490,1178,14,0,73.1
3,139,1,3,527,405,6,0,77.2
10,131,1,4,114,2888,5,0,72.6
10,132,1,3,67,1173,0,0,67.7
15,164,1,3,1041,889,13,1,65.4
9,85,0,3,548,3339,0,1,59.1
11,196,1,4,459,422,5,1,75.1
8,166,0,3,1046,3912,17,1,67.5
9,120,1,2,1160,1642,16,1,75.0
14,236,1,2,138,472,1,1,59.2
3,233,1,2,753,2941,7,0,72.9
10,195,1,2,116,547,20,0,67.1
15,20,1,2,1113,631,22,0,66.1
9,234,1,3,855,3598,22,0,83.5
13,187,0,2,2510,3575,1,1,58.2
7,260,0,3,57,1038,15,0,52.8
8,214,1,3,46,2826,3,1,62.7
9,234,1,2,265,3724,1,0,68.7
3,192,0,1,242,1830,22,0,43.4
5,220,1,1,226,364,4,0,69.0
5,259,0,2,1893,2167,16,1,59.6
11,152,0,4,229,3310,1,1,50.7
11,45,1,3,253,546,21,1,61.9
9,121,1,1,1139,3241,13,0,78.2
11,163,1,3,477,2570,19,0,84.8
8,144,0,2,1199,634,6,0,56.7
12,65,1,3,54,1937,14,0,62.4
9,42,0,3,534,1681,17,1,60.2
9,95,1,3,27,963,12,0,66.3
8,188,1,2,51,3006,11,0,62.9
11,234,1,2,1895,3807,1,0,70.7
7,194,1,3,119,883,11,0,73.0
11,203,1,4,608,3841,5,0,93.6
5,135,1,4,423,2828,23,1,63.2
5,35,1,1,341,871,0,0,52.5
11,112,1,3,1840,516,20,1,77.7
8,124,1,3,17,2986,0,0,60.4
7,110,1,4,872,1421,14,1,93.3
11,143,1,2,2646,866,15,0,92.8
7,166,1,3,657,2154,21,0,83.3
8,191,0,1,2209,1109,6,0,71.4
13,123,0,3,42,214,21,0,58.1
13,25,1,3,434,3193,13,0,75.3
13,111,1,4,241,3204,18,1,75.1
8,142,0,4,1049,2898,23,0,65.7
12,213,0,3,3183,2245,18,0,71.2
6,105,0,3,237,19,22,0,56.1
6,170,1,2,849,642,12,0,75.2
3,157,1,3,176,3084,20,0,60.3
14,142,1,3,666,1105,11,0,67.8
6,195,0,2,498,330,0,0,62.6
8,100,1,4,2860,866,11,0,76.3
6,105,1,2,750,774,3,1,72.0
11,139,1,3,344,392,14,0,86.7
7,101,1,4,96,637,15,1,74.6
5,170,1,4,131,2355,14,0,72.0
10,97,1,4,204,3339,7,0,78.8
4,153,1,2,231,3519,18,0,66.7
6,133,1,4,1520,3513,14,0,91.3
3,152,1,2,659,2943,17,1,65.0
4,112,1,4,592,2700,10,1,64.1
9,119,1,3,97,2889,8,0,77.2
3,145,1,4,1573,1026,0,1,76.3
4,152,1,1,1026,2568,8,0,66.7
8,139,1,3,56,3834,22,1,62.0
7,242,1,4,984,1675,11,0,81.1
14,80,1,4,627,2684,1,0,84.6
14,136,1,1,68,3381,10,1,55.7
6,45,1,4,490,740,20,0,72.0
10,162,1,1,530,1546,13,0,78.7
11,73,1,3,145,469,1,0,65.5
7,123,1,3,2330,2260,14,1,79.3
4,117,0,2,1517,1136,20,0,58.9
8,156,1,1,884,1032,22,0,79.7
8,106,1,4,496,2852,20,1,71.3
7,104,1,3,424,2525,17,1,91.8
10,226,0,2,842,874,13,0,60.0
6,157,1,4,630,460,20,0,85.9
5,106,1,4,51,2301,11,0,66.4
9,124,1,3,574,1550,9,0,82.8
10,238,1,2,1313,752,13,0,93.3
5,125,0,1,491,1462,21,0,44.7
11,98,1,3,42,1778,14,0,72.7
3,98,0,3,1234,3029,4,1,51.8
7,107,1,3,179,854,1,0,65.5
8,104,1,4,239,3733,21,0,79.1
7,63,1,3,143,2284,5,0,67.0
7,72,1,2,320,1330,11,0,61.8
14,90,1,4,1130,478,1,0,96.4
6,175,1,3,586,2727,3,0,80.6
16,117,1,3,183,3092,6,1,55.4
10,127,0,4,1681,2264,15,0,71.4
9,216,1,4,1693,2903,0,0,83.3
10,217,1,3,1635,135,0,0,80.1
16,123,1,2,218,2953,13,0,70.3
6,102,1,5,480,1153,10,0,86.9
5,88,1,3,3359,410,11,0,81.4
6,181,1,3,1182,1446,10,0,85.8
9,127,0,3,22,1318,5,1,41.8
3,116,1,3,53,1270,22,0,71.4
9,91,1,4,498,3773,11,0,86.3
14,93,1,3,1919,1580,20,0,79.4
9,159,0,4,618,86,11,1,57.9
8,61,1,4,551,2604,9,0,68.6
7,199,1,4,89,1866,7,1,67.2
11,107,0,3,855,3447,19,0,60.9
6,131,0,4,1381,1470,18,1,65.2
14,59,1,3,382,378,6,0,68.8
14,139,0,2,1195,3462,13,0,59.6
9,120,1,4,2670,1681,3,1,82.4
8,136,1,3,182,1075,0,0,72.2
12,228,1,2,592,242,7,1,63.7
12,150,0,2,270,3366,4,1,52.2
6,92,1,2,1259,920,7,0,77.8
7,97,1,4,689,1587,7,0,88.8
5,175,0,3,805,2314,20,0,55.7
10,217,1,2,1279,3192,23,0,77.6
10,156,0,4,403,2760,6,1,51.0
4,181,1,2,1972,3989,18,1,65.7
7,176,1,4,609,1272,3,0,83.6
4,225,1,3,137,70,22,1,59.6
6,23,0,3,952,3925,19,1,49.3
10,180,1,3,1261,2105,5,0,76.7
6,199,1,2,304,1406,11,0,76.6
8,59,1,4,1556,2087,17,0,87.6
4,86,0,1,1892,2008,11,1,41.0
9,88,1,5,259,801,17,0,86.1
8,96,1,3,3284,3515,2,1,82.6
6,111,1,3,121,1042,9,1,59.7
8,154,0,3,180,2780,6,0,51.6
9,191,1,2,162,825,2,0,74.4
6,204,1,3,1795,756,18,0,84.9
4,89,0,5,849,2400,12,0,61.7
14,89,0,2,131,1996,3,0,51.9
7,218,1,3,464,1840,9,1,65.3
8,178,0,3,764,1322,5,0,67.4
12,144,1,3,69,2331,0,1,54.9
19,168,1,2,1712,1610,5,0,74.3
5,138,1,3,1302,110,7,0,72.6
10,171,1,5,562,1017,14,1,84.0
6,119,0,2,2732,3252,7,0,63.8
7,156,1,3,432,1962,21,0,72.3
6,49,1,3,3313,2592,5,0,77.6
5,98,1,3,881,1770,18,1,73.5
8,99,1,3,805,3866,13,0,84.5
4,117,1,3,145,25,1,0,62.6
11,84,1,1,1709,843,6,1,60.8
9,107,1,4,446,2839,7,0,76.8
10,49,0,4,141,738,9,0,46.4
7,172,1,2,10,2105,12,0,62.4
7,135,1,3,656,180,21,0,77.9
9,37,1,4,599,232,20,0,77.1
5,89,1,5,1016,1918,19,0,81.3
7,160,0,5,1767,343,0,1,55.3
6,107,0,4,66,477,8,1,52.6
6,98,1,2,1051,1823,9,0,74.9
3,135,1,4,166,2624,19,0,78.5
13,160,1,4,1562,455,1,1,78.8
6,53,1,3,1367,1256,19,0,87.0
12,173,1,3,622,289,10,0,95.5
12,91,0,3,990,1237,4,0,65.9
5,138,0,3,301,2306,17,0,48.5
5,137,1,2,509,530,6,0,70.2
16,108,0,1,1379,2735,2,0,52.6
14,78,0,2,491,2977,15,0,48.1
8,122,0,3,354,2277,14,1,53.7
9,237,0,2,545,3298,7,0,55.6
7,58,1,4,1409,596,19,0,85.2
10,241,1,2,326,3875,4,0,68.9
6,124,0,4,152,435,2,0,53.2
3,142,0,4,995,882,4,0,53.0
5,74,0,4,1398,3069,8,0,43.0
9,93,1,3,84,1782,15,0,78.7
5,109,1,2,219,402,13,1,62.1
8,77,1,3,122,2670,17,0,73.2
5,127,1,2,342,3838,6,0,62.1
6,115,1,5,478,2136,14,0,86.0
11,251,1,2,1105,2632,7,1,73.7
9,70,1,3,842,3965,2,1,70.4
8,146,1,4,776,1566,10,0,88.7
11,154,1,4,347,3756,19,0,79.6
10,75,1,4,1473,309,17,0,88.4
13,181,1,3,509,2954,14,0,91.2
7,116,1,3,3094,343,9,1,81.9
7,20,0,3,804,436,2,1,53.5
5,179,1,1,107,177,14,0,64.9
7,72,1,4,902,139,22,0,70.8
11,77,0,3,314,194,5,0,55.2
12,181,1,1,927,3258,10,0,76.9
11,119,1,4,57,3290,10,0,67.0
3,195,1,3,153,3236,18,0,67.4
12,212,0,4,1548,1185,22,1,63.9
3,101,1,4,206,943,2,0,81.8
11,187,0,4,1451,525,12,1,70.6
7,94,0,1,261,3880,21,1,34.3
11,273,1,2,823,1625,7,1,70.6
5,98,1,4,947,3908,20,0,84.1
12,201,1,4,575,3114,10,0,80.4
4,190,1,3,291,2963,10,0,65.6
6,158,1,3,191,2258,12,1,64.6
6,99,0,2,27,741,2,1,41.6
3,130,1,5,289,862,5,0,76.4
9,20,1,2,847,3347,23,0,72.4
14,153,0,2,2228,954,9,0,63.1
17,160,1,3,1639,1303,18,0,89.7
9,148,1,2,1162,1275,11,1,70.6
12,20,0,4,1242,3382,13,1,62.3
9,64,0,1,874,1744,10,1,31.3
10,95,1,1,241,2881,20,0,68.7
7,157,0,3,1901,2188,9,0,64.2
9,157,1,3,888,792,2,0,81.7
10,129,1,2,657,546,12,1,61.5
7,178,1,3,94,1845,17,1,77.3
8,78,1,3,473,1017,12,0,71.2
8,176,1,4,493,1928,23,0,93.0
11,168,1,1,1599,1554,13,0,86.3
5,162,0,5,632,57,13,1,59.4
8,129,1,3,382,2160,6,0,77.4
14,249,0,2,3010,5,11,0,68.8
12,169,1,1,93,3482,3,0,68.4
13,81,0,3,439,1438,15,1,60.5
9,154,1,2,34,3254,18,0,79.7
9,185,1,2,1077,3085,9,0,84.6
12,104,1,2,2001,1363,15,0,83.4
13,205,0,3,262,1821,4,0,53.7
3,162,0,3,1563,1283,15,1,57.9
5,20,1,1,276,2138,0,0,54.4
12,157,1,3,1933,2664,4,0,86.0
8,115,1,4,1121,2939,12,0,77.3
6,172,0,1,1307,2746,12,0,63.0
5,196,0,4,14,1274,2,1,31.1
7,151,0,3,2633,3327,16,0,84.2
4,239,0,5,1037,3660,18,1,61.4
15,129,0,2,290,2946,4,0,46.4
8,177,1,5,1414,3019,4,0,92.1
8,188,0,3,264,1132,14,0,59.4
10,134,1,3,1649,668,9,0,92.3
11,186,0,3,95,2642,11,0,65.0
11,104,1,1,973,2637,23,0,78.8
12,114,1,4,622,2533,10,0,86.1
7,61,1,3,81,3030,0,1,52.5
8,154,1,1,221,3020,22,0,68.5
11,159,1,1,9,1282,20,0,57.3
7,210,1,1,506,2687,2,1,59.5
8,187,1,3,286,997,3,1,77.0
10,122,1,3,729,1927,18,0,77.6
11,69,1,3,282,282,23,1,50.7
3,165,1,2,285,3034,19,0,78.6
11,206,0,3,1087,3160,2,1,61.0
8,185,0,3,39,1228,17,0,49.5
11,205,1,1,1865,2064,2,1,71.9
11,127,0,2,1529,3223,6,0,63.6
13,112,0,1,881,936,21,0,57.2
13,95,1,4,719,254,20,0,78.2
13,136,1,3,1782,1212,23,0,85.9
13,135,1,5,163,329,0,0,85.8
9,152,1,2,65,2592,18,0,62.6
9,132,0,4,219,2831,17,0,62.6
11,131,1,3,1266,3045,1,0,76.9
11,93,1,3,28,1421,11,0,61.9
8,196,0,2,699,1541,16,0,65.8
10,144,1,3,4311,3531,20,0,81.8
8,129,1,4,1548,3402,20,0,95.5
6,95,1,2,589,3892,2,0,76.5
12,60,1,2,52,2893,11,0,55.3
9,218,1,3,1424,1193,11,1,66.8
15,173,1,5,730,1717,5,0,79.4
4,42,1,3,97,2414,9,0,55.5
7,185,1,2,78,1202,21,0,60.4
9,195,1,3,1923,655,5,0,79.7
12,147,1,3,884,1386,13,0,94.7
10,235,1,4,1414,760,1,1,77.5
9,153,0,4,1689,2687,10,1,62.5
5,54,1,3,678,1799,14,0,71.7
5,161,1,2,582,1064,7,0,67.3
9,154,1,4,450,2972,21,0,88.1
4,103,1,3,304,416,12,0,64.7
7,174,1,5,456,3427,18,1,80.4
10,39,1,3,1189,255,9,1,65.4
6,199,0,4,736,1167,8,0,61.5
13,87,1,4,1784,3824,17,0,88.1
12,80,1,2,468,3812,6,0,75.2
4,133,1,5,747,1877,2,0,85.5
6,165,0,1,798,2758,11,1,43.4
3,149,1,4,716,2625,14,0,79.4
6,95,1,5,970,900,21,0,91.8
11,109,1,2,216,2059,20,1,74.5
7,72,1,3,574,3692,12,0,75.9
10,126,1,3,88,26,5,0,69.8
4,204,0,4,388,3005,7,0,51.8
11,139,1,4,535,421,13,0,92.7
7,191,1,3,844,3735,2,0,85.3
9,227,0,4,2405,1245,15,0,75.9
8,104,1,2,734,1877,17,1,74.1
5,128,1,2,1088,2544,23,0,81.0
5,270,1,3,564,1261,16,0,85.4
11,226,1,3,804,2285,17,1,80.7
10,39,1,2,58,1009,9,0,58.8
12,163,1,3,234,219,16,1,67.4
9,140,0,3,359,1511,15,0,64.3
9,189,0,4,511,1960,20,0,69.9
3,95,0,1,37,2509,23,0,24.9
8,89,1,3,120,663,1,0,75.2
8,99,1,3,259,2683,19,1,77.1
14,105,1,4,2847,3216,3,0,93.0
11,188,1,3,321,990,10,0,73.3
13,69,0,4,526,189,6,0,54.4
10,102,1,4,174,255,16,0,78.9
6,32,0,3,754,68,18,1,62.4
9,200,1,2,263,616,5,1,73.3
9,216,1,4,185,2384,9,0,79.2
6,120,1,3,581,2719,20,0,79.4
7,122,1,3,4,2869,3,0,57.8
8,167,0,3,6,874,0,0,39.8
13,228,0,4,197,3481,6,0,50.2
3,164,1,5,29,2348,20,0,64.5
12,98,1,5,91,3980,15,1,85.5
6,42,1,2,331,1626,16,0,72.0
4,73,1,3,1297,357,23,0,63.8
12,144,1,2,678,256,4,0,78.0
11,100,0,2,575,1008,21,1,49.9
12,151,1,4,277,2401,22,0,74.1
11,106,1,3,2147,1756,9,0,79.5
15,76,0,3,404,3593,6,0,43.8
10,69,1,3,72,2572,12,0,54.6
8,233,1,4,767,3909,6,0,83.8
10,193,1,2,96,2998,14,1,65.6
12,243,1,2,338,2804,16,1,75.2
6,172,1,3,566,3766,22,0,78.3
7,114,1,3,1658,284,2,1,71.7
8,219,0,5,544,3384,4,0,68.1
3,138,0,4,969,99,9,1,57.0
9,153,0,3,3948,197,4,0,67.2
3,137,1,4,112,2530,23,0,75.1
9,20,1,2,256,878,6,0,64.9
11,236,1,4,401,3298,6,0,79.0
7,169,1,2,438,1869,21,0,71.7
14,159,1,4,423,2663,22,0,82.0
4,136,1,3,1905,2666,13,0,81.1
12,149,1,2,1001,1389,22,0,72.1
11,104,1,2,749,2416,14,0,90.1
3,176,0,3,296,570,4,0,48.5
17,61,1,3,1388,2638,4,0,75.1
8,151,0,1,2481,3147,3,0,55.9
6,173,1,3,1377,1066,19,0,92.9
4,128,1,3,1,422,20,0,52.5
8,162,1,3,809,2884,8,1,80.1
8,80,1,4,41,1205,11,0,72.6
9,82,1,2,238,545,15,1,75.0
8,154,1,3,49,71,21,1,63.5
10,180,1,4,740,3640,7,0,78.4
7,27,1,3,928,3177,8,0,75.4
3,171,1,3,97,1224,11,0,57.8
8,107,1,3,387,3173,19,1,69.3
3,128,1,2,487,768,6,0,68.7
10,59,0,3,368,2355,20,0,48.2
6,88,1,4,103,3658,3,0,82.6
9,197,0,1,434,1707,22,1,55.0
12,141,0,4,1112,2425,2,0,81.1
6,117,0,2,58,655,0,0,40.9
12,133,1,3,66,2726,6,0,63.9
7,169,1,4,350,2447,8,1,77.5
14,166,1,4,2274,1797,1,0,87.0
7,135,1,4,883,221,6,1,73.7
6,205,1,4,908,3667,9,1,75.5
11,198,1,3,359,182,1,0,76.7
7,164,0,3,720,307,12,0,65.5
6,143,1,3,8,2570,2,0,51.4
7,179,0,3,808,1420,12,1,57.8
8,158,0,3,1956,1014,9,1,58.7
13,203,1,3,758,2052,11,0,76.5
3,193,1,3,1655,2911,2,0,82.9
9,78,1,4,1029,3986,19,1,72.9
10,74,0,3,102,848,5,0,43.7
9,97,1,1,1861,804,2,1,69.7
12,198,1,3,55,3353,1,0,76.5
8,45,1,3,610,215,22,1,65.0
8,163,0,3,122,3020,21,0,53.9
10,161,0,4,9,3682,13,0,55.6
9,209,1,3,438,1444,14,0,71.8
7,150,1,4,279,101,17,0,85.2
10,59,1,3,532,3011,18,0,76.9
7,82,1,3,688,3593,21,0,84.1
7,69,0,4,35,573,9,0,45.4
7,107,0,1,105,1333,19,0,46.5
13,129,0,1,654,658,16,0,52.1
3,70,1,1,336,2987,16,1,55.6
10,228,1,3,1045,1534,18,0,84.4
9,60,1,2,845,3135,23,0,68.1
3,220,1,5,1494,1657,3,0,77.6
9,211,1,3,943,226,10,0,81.5
10,193,0,3,449,105,16,0,64.7
10,98,1,2,894,1998,23,1,64.9
3,160,1,2,257,772,9,0,68.2
13,63,1,2,292,3933,21,0,61.4
6,194,1,3,1244,3497,16,1,87.8
11,135,1,3,473,3327,11,0,79.4
11,115,1,3,1281,429,9,1,75.4
6,66,1,3,1382,434,9,1,60.6
10,20,1,4,1559,1231,5,0,81.6
7,77,1,1,1987,3100,16,0,75.2
3,206,0,4,451,2730,18,0,61.2
12,115,0,3,307,3408,1,0,65.0
6,129,1,3,698,2636,3,0,84.4
6,179,1,2,371,3700,17,0,84.6
7,248,1,3,735,3141,20,1,61.2
9,219,0,2,978,866,3,0,59.3
8,81,1,5,932,2794,5,0,79.8
10,23,1,3,375,3585,13,0,76.6
4,281,1,5,146,3239,6,0,62.0
6,276,1,3,450,2912,11,0,83.4
8,151,0,2,123,3802,1,1,51.9
14,63,0,3,1766,3857,17,0,62.3
8,197,0,1,339,2416,23,1,47.1
12,133,1,4,134,251,12,0,83.6
9,133,1,4,20,2907,12,1,70.9
7,193,1,3,830,856,4,0,89.3
8,160,1,3,810,3758,6,0,83.4
8,68,1,3,333,1194,11,0,76.8
10,120,1,5,59,3830,13,1,68.6
13,179,1,2,421,3162,0,1,64.2
10,170,1,4,298,561,23,0,84.1
12,155,1,3,904,1470,9,0,81.4
6,196,1,5,744,2342,8,0,90.1
7,118,0,4,362,919,9,0,66.9
6,150,1,5,196,1174,6,0,85.4
9,20,0,3,3540,3204,15,0,57.1
7,113,1,2,484,433,11,0,78.6
11,185,0,3,932,2107,11,0,60.2
6,116,1,3,121,969,18,1,71.5
9,112,1,4,531,836,12,0,79.8
11,77,1,1,22,2247,20,0,48.2
3,200,0,3,563,2263,17,1,48.0
15,172,1,2,2659,898,2,0,78.7
8,189,1,4,387,3633,6,0,79.8
3,36,0,2,31,472,0,1,20.8
9,130,1,3,25,3816,2,0,63.6
9,123,1,2,392,247,20,0,77.2
8,123,1,3,139,2430,13,0,73.6
11,103,1,4,18,991,3,0,75.0
11,119,1,2,1129,3311,18,0,80.8
9,190,1,1,490,927,21,0,69.9
10,25,0,1,273,3439,5,0,43.6
8,246,0,3,1842,1192,19,0,73.8
14,169,1,3,98,2608,8,1,63.4
4,137,1,2,2497,1075,10,1,66.4
9,194,0,3,301,1835,21,1,56.7
9,52,0,1,1754,3682,14,1,38.5
11,100,0,4,738,3800,8,0,62.6
6,132,1,4,1402,689,10,1,75.3
3,221,0,5,3308,2428,9,0,65.4
9,137,1,4,272,2522,1,1,79.0
9,167,1,3,2598,3152,21,0,82.6
13,104,1,3,394,2745,13,1,75.0
5,169,1,3,389,3439,3,0,72.2
12,240,1,2,332,1485,1,0,69.6
16,199,0,2,623,2959,4,1,31.9
7,135,0,2,133,3611,13,1,36.6
5,180,0,3,645,3524,14,0,65.4
7,174,0,3,624,3536,18,0,68.8
9,170,1,2,1148,960,5,0,77.5
10,206,1,1,1434,478,14,0,80.2
7,206,0,3,464,3052,13,0,61.0
13,132,1,1,288,2974,7,1,63.5
5,178,1,5,240,3492,19,0,82.3
3,117,1,2,173,707,11,1,51.1
12,84,1,3,47,3286,3,0,69.3
3,123,1,3,335,3441,20,0,64.5
8,135,1,1,252,2902,5,0,68.6
18,40,1,3,2714,1138,10,0,67.4
8,191,0,3,652,3065,22,0,66.3
5,20,0,4,341,754,21,1,39.1
8,302,0,3,694,2551,6,0,48.3
8,230,1,1,119,1660,3,0,65.3
9,124,0,2,469,2865,14,0,67.0
10,140,0,2,787,588,0,0,53.4
5,158,1,2,536,1335,8,0,66.3
14,104,0,3,411,1493,22,1,50.7
9,151,1,5,4072,1848,19,0,100.0
11,131,0,3,1698,2756,7,0,65.0
7,134,1,3,781,3935,11,0,82.4
12,150,1,3,674,3116,6,1,69.3
8,61,1,4,775,3487,17,0,79.9
9,142,1,2,179,3770,0,1,62.7
6,149,1,4,402,3927,8,0,89.7
6,147,0,4,32,3318,6,1,46.1
11,127,0,2,516,3156,13,1,59.7
7,208,0,2,626,207,0,1,60.6
6,118,1,5,206,2199,12,0,82.3
7,153,0,4,2660,2716,19,1,68.1
11,217,1,2,1921,2576,14,0,81.5
7,135,0,3,1024,165,4,0,57.6
8,152,1,3,609,2965,4,0,68.7
9,134,1,3,1631,1999,13,1,86.3
3,214,0,3,112,3217,13,1,46.2
4,124,0,2,1250,3058,13,0,57.3
10,217,1,3,106,2085,4,0,70.3
6,133,0,4,1264,333,10,0,62.9
12,88,1,4,258,403,18,0,86.3
11,180,0,2,1677,414,4,0,59.8
11,121,1,4,2306,45,3,0,87.3
14,177,1,2,128,3474,14,1,61.7
8,20,1,3,496,2254,20,0,65.9
10,140,1,4,3170,62,6,1,87.7
7,112,0,3,528,2468,4,1,59.4
16,76,1,2,1593,868,14,0,63.4
14,106,1,2,710,1492,13,1,77.9
9,105,1,3,376,2868,23,0,73.6
10,137,1,4,269,19,23,0,76.5
13,57,1,5,181,365,2,0,78.4
8,158,1,4,1147,3372,4,1,77.1
7,221,1,4,390,3079,11,1,72.2
11,156,1,3,572,3833,19,0,76.0
9,188,1,4,542,2476,13,0,85.4
9,205,0,1,688,1141,4,0,52.5
6,214,1,4,1605,580,23,0,89.3
3,252,1,3,3159,3579,3,0,76.2
9,110,0,4,418,546,20,0,69.1
11,96,1,1,1405,1730,15,1,76.8
8,187,0,3,1156,2373,6,0,65.3
13,182,1,3,681,55,2,0,83.5
6,186,1,5,2499,778,21,0,93.2
5,253,1,4,178,3040,3,1,65.8
8,140,1,3,92,42,19,0,75.3
8,165,1,3,1539,1321,21,0,83.2
11,81,0,3,462,231,5,0,56.2
6,268,0,2,1501,453,2,1,51.7
13,119,1,2,1788,3962,0,0,87.6
14,121,0,2,51,2442,2,0,49.5
8,119,1,3,1719,1546,23,0,76.4
12,101,0,4,475,1382,7,0,68.8
5,96,0,4,571,1468,15,0,62.0
12,108,1,1,788,1152,21,0,70.3
12,58,1,1,2087,2739,6,0,79.5
11,92,1,2,15,3477,17,0,71.2
8,256,1,2,518,2440,8,0,79.3
3,184,1,1,931,1217,2,1,60.8
7,195,0,3,1026,2652,17,0,70.5
7,210,0,3,943,881,15,1,50.6
6,250,0,3,115,3815,20,0,57.7
9,33,0,3,284,3150,0,0,50.9
7,66,0,2,355,85,20,0,49.0
6,91,1,3,1305,1054,19,0,89.0
5,111,1,4,261,3797,15,0,73.5
6,121,1,2,189,49,11,0,66.3
12,113,1,1,2525,3849,5,0,79.9
7,153,1,2,7,1169,20,0,50.1
7,142,1,2,4903,69,8,1,80.0
7,96,0,3,903,3130,20,0,58.1
10,20,0,2,1410,2745,12,0,58.9
10,80,1,3,279,3646,23,0,68.8
3,107,0,2,11,2527,11,0,32.4
12,125,1,3,1071,2868,12,1,75.4
13,72,0,1,1437,3517,17,0,62.0
5,110,1,3,1079,3368,18,0,80.3
6,72,1,2,123,1702,18,1,55.0
7,132,0,1,1120,3243,18,0,58.3
6,75,1,4,1172,1599,5,0,84.8
9,89,1,3,859,2195,15,1,78.8
3,61,1,1,1162,3556,6,0,59.0
5,130,1,3,1496,3378,6,0,72.0
13,88,0,3,760,3745,22,0,56.4
6,194,1,3,74,3725,18,1,77.5
12,164,0,3,534,1870,15,0,66.2
10,135,1,4,64,1016,16,0,72.1
3,92,1,2,418,2657,21,0,70.3
10,162,1,3,418,446,18,0,85.8
8,181,0,2,54,2269,15,0,46.2
7,148,1,4,343,3627,15,0,82.2
9,236,1,4,94,3876,18,0,81.6
10,167,1,4,1321,1402,14,1,87.8
11,194,1,4,2360,3692,2,0,84.9
12,148,0,5,60,3338,14,0,53.2
10,180,1,3,2482,2143,15,1,85.0
4,92,1,4,591,262,19,0,83.8
7,112,1,5,284,1849,4,0,82.1
17,160,1,1,63,897,18,0,58.4
11,160,1,3,555,1095,9,0,87.0
16,170,1,3,1265,2267,12,0,64.7
13,206,1,4,982,1557,14,0,93.4
9,54,1,4,41,92,11,0,66.5
9,81,1,4,60,127,16,0,73.4
8,153,0,4,412,80,14,1,49.3
3,96,0,3,279,1848,3,0,53.7
9,342,1,1,211,3310,14,0,66.9
12,170,1,1,263,983,16,0,81.4
7,135,1,3,1301,3444,10,0,80.0
10,109,0,3,2118,916,22,1,60.9
11,111,1,3,415,2534,22,1,62.3
6,141,0,3,1892,694,14,0,75.2
7,146,0,4,310,25,19,0,59.0
5,112,1,3,517,156,20,0,70.5
6,123,1,4,204,3589,6,1,65.5
5,220,0,4,818,2680,12,0,59.7
6,223,1,3,3089,1813,21,0,85.8
13,155,0,3,740,1554,12,0,61.2
6,59,0,4,354,1967,19,0,58.9
9,172,0,3,834,1734,19,0,68.0
7,233,1,2,104,1081,1,0,75.4
12,222,1,2,1756,1629,9,0,83.4
12,184,1,2,559,19,17,0,77.5
11,225,0,2,477,1408,19,0,59.1
9,143,0,2,705,3937,4,0,64.0
8,177,1,2,784,1217,19,1,70.0
5,99,1,3,59,2285,18,1,59.1
14,157,0,5,918,1411,1,1,54.3
6,219,0,3,221,3498,3,0,56.3
10,104,1,4,1001,277,15,0,84.4
12,88,1,4,1383,3299,20,0,83.1
7,145,0,3,1303,745,15,0,70.8
12,126,0,3,643,552,16,0,69.7
11,178,0,2,587,3395,14,0,59.5
14,112,1,4,123,1177,12,0,81.1
7,243,1,4,1194,639,0,0,79.8
5,62,1,3,253,237,21,0,63.4
7,215,0,1,549,998,4,0,52.5
9,94,0,4,267,2103,19,0,70.7
9,32,0,2,114,2004,0,0,40.7
7,154,1,1,794,1460,11,1,63.8
3,124,0,4,44,2732,22,0,48.0
10,73,1,3,1104,2157,14,0,81.3
14,39,1,3,305,3938,3,1,58.6
10,139,1,4,1,1208,18,0,64.6
10,198,0,3,572,1392,15,1,58.5
10,175,0,3,38,2007,22,0,49.8
10,143,1,2,258,1222,17,0,79.1
11,168,1,2,982,1395,16,0,76.4
10,138,0,4,51,373,10,1,46.6
8,54,1,3,1462,3021,19,0,73.1
6,54,0,2,3,1521,12,0,22.4
8,127,1,1,226,3671,23,0,68.1
9,130,1,3,1080,2249,21,0,86.9
8,191,1,3,304,849,8,1,68.2
9,185,1,3,85,2557,16,0,73.9
10,176,1,3,357,1346,16,0,79.8
11,123,1,2,252,2323,4,0,74.3
12,57,1,3,1479,2259,21,0,69.9
9,164,1,4,300,504,7,1,65.5
5,171,0,2,1244,3975,2,0,60.2
7,20,1,3,1779,3190,5,0,78.4
9,89,1,3,455,703,2,1,67.6
3,98,0,3,1925,3626,7,0,55.4
13,147,1,2,378,2090,11,1,64.3
9,91,1,4,2661,315,3,1,75.8
10,137,1,3,74,2836,1,0,68.5
13,127,0,4,929,2377,9,1,59.7
7,130,0,2,544,1041,14,0,69.5
10,97,1,3,392,283,12,1,71.0
8,101,0,4,801,2991,23,0,69.6
8,75,1,3,973,258,14,1,70.1
6,162,1,3,3,575,21,0,54.5
13,174,0,3,146,574,18,1,53.0
7,93,1,1,998,2660,17,1,77.6
11,231,0,3,878,1043,12,0,60.1
3,121,1,1,2706,1553,19,0,77.9
12,231,1,2,1145,2885,19,1,78.1
12,101,0,3,2409,423,0,0,67.5
9,20,1,1,969,1490,15,0,76.5
8,164,0,5,283,1397,7,0,64.6
10,154,0,4,89,758,22,0,55.3
15,142,0,3,1217,2811,5,0,56.3
3,101,1,4,826,1105,2,0,65.4
11,137,1,4,39,1575,19,0,74.6
6,109,0,2,357,3620,15,0,55.5
8,121,0,4,2513,2472,1,0,70.0
8,190,1,2,555,429,22,0,75.7
7,151,0,3,453,3460,1,0,62.4
8,176,1,3,489,2022,14,0,93.5
5,126,0,3,187,3993,9,0,54.9
12,119,1,1,367,3781,0,1,63.7
3,70,1,2,369,3742,21,0,60.8
10,117,1,3,43,204,19,0,70.6
8,20,1,3,1167,2244,14,0,80.3
5,104,0,4,430,2776,23,1,49.2
9,135,1,3,1381,2333,0,0,78.2
4,173,0,2,1519,1993,21,1,45.1
9,123,1,2,190,2244,15,0,67.5
4,160,1,3,856,307,17,0,77.1
10,20,1,3,511,1688,23,1,63.5
6,136,1,2,1697,14,4,0,80.5
7,39,1,2,194,1861,20,1,51.1
9,67,1,2,906,3218,4,1,62.6
6,128,0,2,748,1962,22,1,53.0
8,216,1,3,279,1081,22,1,71.3
4,162,1,4,117,723,9,0,68.6
10,141,0,3,843,780,22,0,61.4
14,138,1,4,1073,1234,11,0,84.5
17,97,1,2,303,529,9,1,59.4
9,107,1,3,828,798,1,0,78.7
11,165,1,3,402,344,23,0,73.3
3,56,1,3,999,3787,0,1,56.8
13,175,1,3,177,3683,15,0,80.9
11,116,0,3,1767,1303,17,0,74.9
7,189,0,3,271,209,6,1,55.5
12,197,1,1,366,641,3,0,66.5
8,39,0,3,47,3407,9,0,51.6
7,105,1,3,94,1312,9,0,67.6
10,88,1,5,580,2300,10,0,84.5
5,31,1,3,249,3337,2,0,65.4
12,78,1,3,1443,2319,13,0,72.0
5,286,1,3,11,1948,12,0,54.4
5,176,1,4,381,920,18,0,76.1
6,255,0,5,329,1724,9,0,58.1
11,189,1,4,15,2045,14,0,64.4
7,95,1,3,106,419,7,0,77.2
4,117,0,1,427,1750,16,0,53.0
7,175,0,3,543,2843,5,0,65.7
8,166,1,3,414,3283,6,0,72.5
5,105,1,4,605,1389,13,1,74.1
5,49,1,2,723,1100,7,1,65.3
15,337,1,3,7,3732,11,0,42.8
6,131,1,2,499,3393,17,0,80.6
8,120,1,4,2648,2773,13,0,94.3
7,146,1,2,585,2481,0,1,68.5
7,125,1,3,905,2157,3,0,77.3
10,147,1,2,299,2689,16,1,71.3
11,217,1,1,1189,1546,17,0,89.2
8,132,1,3,1185,1071,18,0,87.2
5,70,1,2,589,2427,3,0,66.2
12,130,1,3,2984,1851,5,0,100.0
8,112,0,4,107,1120,7,1,45.8
14,225,1,5,13,958,14,0,76.6
3,210,1,2,1176,103,19,0,70.4
9,146,1,4,1316,2940,0,0,85.4
14,63,0,3,102,2902,4,0,57.9
7,66,0,4,246,1170,15,0,60.8
8,140,1,4,14,1904,20,1,60.5
9,160,1,1,277,3099,5,1,56.6
7,117,1,3,1186,1756,20,0,79.4
8,111,1,2,583,2578,9,1,64.9
7,104,0,4,342,679,9,1,49.9
7,138,1,3,371,1969,4,0,81.4
12,20,1,3,1,989,7,1,42.2
10,73,1,3,285,1106,0,0,67.2
9,102,1,5,831,2476,4,0,84.5
11,212,0,4,2925,1608,0,0,75.3
8,91,1,3,1502,2870,6,1,84.9
6,150,0,3,19,1503,14,1,49.0
7,153,1,4,1830,1790,22,0,88.2
9,217,1,4,1223,1186,23,0,90.4
5,215,1,1,1212,3911,13,1,71.0
7,136,1,2,489,932,22,1,69.0
7,111,1,2,406,1426,8,0,75.2
15,100,1,3,288,3580,7,1,58.5
3,125,0,2,54,1062,7,0,43.6
8,113,1,3,207,1979,2,1,66.8
14,173,1,3,226,2559,19,0,75.1
9,165,1,3,529,2441,3,0,74.1
11,175,1,3,1100,2043,16,0,86.9
9,215,0,1,513,2761,5,0,49.6
6,251,1,4,47,2542,1,1,77.8
3,147,1,4,2532,3272,8,0,83.5
9,205,1,3,2287,1279,13,1,80.9
6,118,0,4,1230,1203,0,1,61.7
6,211,0,2,3798,2595,16,1,68.2
7,203,0,4,629,594,10,0,65.9
14,200,1,2,2632,2437,5,0,78.0
16,145,1,3,62,1422,0,0,60.7
9,99,1,2,364,3804,18,0,77.8
7,56,1,3,204,2206,15,1,62.3
5,137,1,2,174,1028,17,0,63.5
10,231,0,3,121,2215,10,1,51.6
14,121,1,3,779,3540,8,0,82.9
8,187,0,4,1216,960,20,0,70.1
3,190,1,3,690,2457,5,0,62.8
11,122,1,2,127,3484,1,1,60.2
11,218,1,2,1333,3276,7,0,86.0
4,20,1,4,808,2242,21,0,69.9
9,66,0,3,393,2283,15,0,50.7
10,85,1,3,897,2766,7,1,82.5
8,90,0,3,240,1174,7,0,45.2
6,160,1,2,338,3231,13,0,79.3
12,157,1,2,1995,3351,0,0,90.2
7,163,0,3,274,816,6,1,43.0
4,175,1,2,507,404,1,0,65.1
3,82,0,2,1766,893,14,1,46.0
12,66,1,1,984,2726,23,0,74.3
10,163,0,2,51,3383,17,0,48.1
9,102,1,2,127,68,3,0,74.2
7,45,1,5,6,3535,17,0,69.7
7,198,1,3,797,88,22,0,74.2
5,223,1,4,474,2265,4,1,59.1
7,233,1,1,115,2049,15,0,73.0
3,151,1,2,2534,1159,12,0,78.5
6,177,1,4,603,1721,8,0,82.3
8,222,1,3,221,1375,4,0,75.0
10,101,1,2,555,2188,7,0,83.2
8,206,1,3,910,2666,17,0,85.1
11,156,1,3,63,2181,2,0,76.2
13,194,1,4,256,1644,5,0,75.9
12,151,1,1,1315,178,10,0,88.5
10,217,1,3,492,2858,22,1,67.1
9,153,1,3,632,1382,13,0,90.5
6,50,0,5,453,2428,23,0,53.7
11,227,1,4,35,908,18,0,78.9
14,83,1,2,144,3943,6,0,69.8
10,215,1,3,471,2706,23,0,79.7
14,134,1,4,187,2498,9,0,80.7
4,210,0,3,41,586,14,0,47.6
5,208,0,4,1484,2511,5,0,61.5
11,165,1,4,3178,990,19,0,85.8
9,170,1,1,1260,1132,5,0,83.2
12,165,1,2,1538,2170,15,0,93.1
8,20,1,4,221,2065,8,1,62.6
6,147,0,2,2587,1220,18,0,72.5
8,73,1,1,175,2375,17,1,64.3
4,150,1,3,2419,318,4,0,80.7
5,71,1,4,4210,2857,15,0,77.7
11,68,1,2,995,1503,6,0,64.5
11,236,1,3,3176,2035,18,0,95.1
10,204,0,1,674,3324,4,1,49.2
3,139,1,2,240,2043,19,0,69.1
7,151,0,3,459,503,10,0,56.4
5,125,1,1,720,2023,22,1,57.1
12,174,1,4,60,119,17,0,79.0
7,99,1,4,779,3746,6,0,82.3
5,199,1,4,3178,710,17,0,87.3
9,124,0,2,168,3570,2,1,45.3
7,114,1,3,1258,3558,4,0,86.0
13,141,1,2,1907,45,22,0,74.2
6,104,1,2,2301,314,12,1,73.5
4,159,1,3,2577,3251,15,0,77.4
3,107,0,3,589,3966,21,1,47.1
8,168,1,1,3028,418,11,0,76.2
7,212,0,2,1132,2604,6,0,65.7
4,96,1,4,141,3855,21,0,66.0
12,132,1,3,518,1102,12,1,68.9
11,167,1,4,1013,326,0,0,80.8
8,113,0,5,227,3762,14,0,69.7
13,167,0,3,818,3429,20,0,56.4
10,173,1,2,878,1440,11,0,77.4
6,204,1,4,142,1987,16,1,73.6
5,103,1,2,666,2563,22,0,66.1
11,83,1,2,1181,2262,19,1,78.3
10,121,1,4,552,3926,4,0,79.9
9,81,1,3,9,74,16,0,67.4
6,173,1,2,7,3635,23,0,54.0
10,70,1,3,353,1603,14,1,63.3
6,279,1,3,2085,509,19,0,91.3
8,217,0,2,207,2380,18,0,62.5
13,140,1,2,804,3165,0,0,91.8
7,192,0,2,200,688,3,1,44.6
4,41,1,3,310,657,2,0,64.3
5,291,1,4,1507,1543,7,0,76.5
11,104,1,3,1044,1293,8,0,85.7
9,132,1,3,80,1400,11,0,76.9
8,28,1,1,447,3906,4,1,57.3
7,169,1,2,23,3076,8,0,65.3
10,73,0,2,524,3210,0,0,51.8
6,146,1,2,868,3303,22,1,70.9
9,107,0,2,100,2648,10,1,41.0
6,75,1,3,272,1553,6,0,66.1
6,91,1,1,405,1076,21,0,64.6
7,153,1,4,2015,3718,19,0,98.2
7,63,1,4,3999,3795,13,0,97.5
8,95,1,3,36,325,2,0,59.8
9,179,0,1,1145,992,10,0,63.1
3,296,1,4,371,1994,16,1,70.2
6,168,1,5,398,3977,17,0,85.8
7,84,1,2,1122,3803,18,0,84.7
13,117,1,3,2004,717,17,0,85.8
5,141,1,4,2411,2771,5,0,82.0
9,119,1,3,688,277,14,0,83.5
13,194,1,2,353,2584,6,0,72.1
5,153,1,3,1239,3558,4,1,73.5
10,194,1,3,231,3588,4,1,59.4
6,121,1,3,664,152,6,0,77.0
7,219,1,4,355,955,21,0,70.3
6,130,1,3,855,1507,11,1,74.6
6,81,1,2,219,259,7,0,69.2
17,270,0,3,170,2372,17,1,42.1
11,30,0,3,2003,3065,17,0,65.2
12,95,1,2,85,869,16,0,75.5
10,102,0,3,564,1192,22,0,67.0
4,290,1,4,199,688,10,0,84.3
10,248,1,3,31,310,14,0,68.3
12,229,1,2,29,2851,19,1,57.3
6,120,0,2,154,1503,5,0,52.1
11,285,1,3,1612,3128,11,0,84.3
11,162,0,3,265,2668,22,1,59.4
14,198,0,2,2403,473,6,0,67.0
7,150,1,3,697,3368,7,0,75.3
5,137,1,1,459,2509,3,0,58.8
7,124,1,2,694,3396,2,0,80.3
13,127,1,3,581,814,2,0,78.2
3,176,1,1,1137,846,9,0,74.9
3,162,1,4,265,1165,23,1,66.5
9,138,1,2,348,667,14,0,73.5
7,230,1,3,1796,2310,12,0,78.4
9,20,1,3,2341,1809,18,0,84.2
11,170,1,3,1784,1444,7,0,82.6
7,183,1,4,435,1768,17,1,84.8
3,208,1,3,1212,1265,4,0,76.3
15,136,1,3,517,355,20,0,72.3
6,152,0,3,550,1873,6,0,54.9
5,199,1,3,183,2025,4,0,63.7
12,229,1,4,715,2818,18,0,88.1
7,121,0,3,164,3833,16,0,51.2
8,156,1,3,322,3661,18,0,84.7
10,240,0,4,1544,180,3,1,66.1
12,20,1,4,185,66,21,0,66.7
7,98,0,3,59,820,23,0,57.4
13,227,0,3,57,1372,6,1,50.0
3,205,1,1,2261,171,23,0,73.6
11,171,1,3,565,2522,21,1,71.8
6,113,0,3,421,2582,5,1,57.8
13,87,0,4,1332,1391,13,1,58.7
9,104,0,3,1445,1131,21,0,65.7
6,232,1,3,323,2487,18,0,77.4
10,102,0,1,946,835,19,1,51.7
11,146,1,3,1179,227,10,1,77.7
10,94,1,4,850,3516,21,1,73.1
5,190,1,2,131,442,6,1,46.7
7,107,1,1,1669,2444,2,1,81.7
8,134,1,3,619,728,19,0,81.5
8,38,1,3,265,1605,21,0,63.5
11,43,1,3,443,2132,16,0,81.0
3,140,1,3,30,3687,10,0,55.0
10,60,0,3,109,3623,14,0,44.4
8,266,1,2,1160,1037,6,0,74.6
6,20,1,4,1,1833,14,0,51.8
6,91,1,2,431,1849,16,1,67.4
8,141,1,3,591,2741,10,0,75.2
3,118,1,3,44,493,11,0,57.5
6,73,1,4,2891,3340,12,0,86.5
6,82,1,4,205,1549,10,1,81.1
10,80,0,3,290,1144,10,0,63.7
6,122,1,3,289,970,8,0,75.0
8,257,1,2,209,2401,10,0,64.4
13,144,1,2,1,3129,3,0,54.0
11,210,1,4,1045,2088,1,0,80.0
11,170,1,4,2725,3958,22,0,87.6
7,206,1,5,203,3408,3,1,82.0
10,20,1,1,870,640,13,0,80.2
8,121,1,3,1083,173,4,0,82.9
8,218,1,3,1509,1571,16,0,94.7
10,105,1,3,439,259,11,0,83.9
7,245,0,3,288,3960,5,0,61.4
13,229,1,4,314,517,11,0,78.3
8,111,1,3,997,2778,14,1,76.9
10,109,1,2,1357,523,22,0,80.1
13,79,0,2,160,1918,18,1,35.9
12,102,0,1,370,2887,9,1,43.4
4,66,1,3,1857,2165,1,0,71.5
10,165,0,1,1314,2232,11,0,55.4
11,52,1,2,3352,1930,11,0,83.7
11,176,0,3,1122,3946,6,0,65.4
5,177,1,4,399,1140,0,0,76.7
7,40,1,4,714,2210,17,0,79.3
11,232,1,2,865,3651,2,1,74.0
6,170,1,2,65,3784,19,0,65.6
8,184,1,2,629,2591,4,0,78.5
13,94,1,5,988,3659,19,1,88.6
8,177,1,3,146,3309,14,1,77.5
6,207,1,2,1213,839,9,0,69.3
6,134,1,4,701,1090,18,0,84.9
9,260,0,3,2432,1094,0,1,51.8
5,142,0,4,34,3881,6,1,32.6
8,208,0,2,246,2495,21,1,46.7
9,157,1,3,736,2464,17,0,88.3
12,175,1,3,281,2580,1,0,87.2
11,39,1,4,1002,2489,18,0,88.7
6,162,1,4,1138,2786,23,1,76.0
12,95,1,3,86,1970,23,0,74.3
8,89,1,2,576,2512,9,0,82.1
5,244,0,3,568,3993,14,0,57.6
8,127,1,5,368,2444,9,0,83.3
13,79,0,3,2161,2759,9,0,58.0
9,118,1,4,1405,1575,11,0,88.8
9,61,1,3,955,3729,7,0,75.6
13,226,1,3,1002,1581,22,0,82.4
4,98,1,3,495,2443,13,1,77.2
5,171,0,3,2030,2374,1,0,63.9
4,221,1,4,948,3965,16,1,66.6
10,109,1,3,1044,3991,5,0,72.9
9,171,1,3,1582,1115,7,0,85.8
13,78,1,2,256,750,0,0,63.9
9,286,1,2,1316,1094,2,1,64.0
7,196,1,4,173,1190,14,0,72.5
9,128,1,2,338,2690,16,0,77.4
9,93,1,4,327,2262,6,0,81.2
3,133,1,3,3072,1876,13,0,85.2
17,119,0,4,1553,3673,23,0,57.8
10,257,0,4,966,3407,2,1,56.9
9,66,1,3,1038,1788,17,1,69.3
10,148,1,4,660,2417,21,1,78.5
11,138,1,2,2351,3933,4,0,74.7
8,132,0,3,548,1608,19,1,59.1
7,133,0,4,383,3749,21,0,67.7
10,133,0,2,142,49,14,1,48.0
10,192,1,3,1234,1076,5,0,83.4
6,176,1,4,1060,1313,2,0,87.2
13,165,1,4,388,3862,17,1,75.3
9,20,1,2,20,1650,23,0,52.6
11,157,1,3,1461,3311,19,1,74.9
13,40,1,2,9,2181,21,0,52.2
9,178,1,3,973,3047,2,1,75.4
9,228,1,3,2812,2834,7,0,92.2
11,84,0,3,460,1190,18,0,69.6
6,124,1,3,214,1398,17,0,85.7
9,104,0,2,976,2421,14,0,71.5
9,214,0,2,1359,1829,22,1,51.2
6,145,0,1,632,3550,13,0,62.6
15,243,0,3,2729,3827,15,0,68.6
4,164,0,4,42,479,2,0,41.6
5,154,1,1,562,832,14,0,75.9
12,144,1,1,1013,2698,18,0,79.8
11,189,1,3,1588,1615,7,0,87.0
5,35,1,3,158,682,1,0,62.9
10,145,0,2,1287,3707,16,1,61.8
13,135,1,2,643,2736,11,0,85.6
8,183,1,2,404,1324,18,0,91.5
16,128,1,3,112,82,10,0,64.0
3,77,0,2,1603,87,17,0,56.4
11,140,1,3,136,2273,12,0,84.6
12,75,1,3,296,2064,13,0,70.1
11,24,1,3,274,822,11,0,53.9
8,183,1,1,1640,3430,14,1,80.3
8,174,1,3,893,163,22,1,72.2
10,168,1,3,1274,3682,20,1,69.8
11,218,0,4,230,3740,7,0,56.7
10,100,1,2,784,2562,1,0,69.6
12,54,1,3,678,2398,7,0,80.4
5,135,0,3,1430,1933,22,1,57.6
8,119,0,2,1892,2729,4,0,62.2
6,89,0,4,9,3536,1,0,45.4
7,135,1,3,896,1851,9,0,82.2
12,103,0,3,42,1861,22,0,57.9
9,29,1,2,636,3447,9,0,63.2
16,113,0,2,271,1116,3,0,45.8
9,71,1,3,293,2229,3,0,74.4
9,153,1,2,348,2791,7,0,72.1
9,100,1,3,776,3373,5,0,76.4
7,206,1,3,325,2708,14,1,75.5
8,236,0,3,1055,3864,17,0,60.0
12,180,1,3,414,3261,20,0,79.6
9,46,1,1,56,1883,21,0,53.1
6,230,1,3,1225,3934,7,0,85.8
6,234,1,3,269,3386,19,0,77.3
7,141,0,2,453,2541,6,0,59.2
9,219,0,1,925,923,22,0,58.0
12,106,0,2,323,3994,19,0,54.5
4,28,1,2,46,2176,16,1,42.0
8,94,1,4,374,3591,18,0,91.6
9,243,1,3,2312,1450,1,1,83.2
3,50,1,1,821,1583,11,0,49.8
6,139,1,2,890,565,18,0,80.8
6,142,0,1,800,3259,4,0,57.9
6,109,1,3,177,2598,11,0,76.6
9,113,1,2,433,2501,16,0,81.1
8,144,1,3,1112,471,4,0,84.1
7,106,1,3,85,988,1,0,68.8
10,54,0,4,260,2786,3,0,53.7
14,152,1,2,258,3637,5,1,60.5
13,204,1,3,452,1935,8,1,69.3
3,192,1,3,3144,224,21,0,68.4
10,91,0,3,55,2202,9,0,45.4
8,64,0,4,585,2608,10,1,45.1
9,122,1,3,158,351,1,0,69.3
7,234,1,3,2823,3219,23,0,90.0
9,178,1,3,96,1929,20,0,63.3
9,182,1,5,413,3648,8,0,80.9
7,193,0,3,1071,349,19,0,72.2
6,165,0,4,975,182,16,0,65.2
7,147,0,2,439,637,8,0,63.1
9,179,1,3,340,1018,7,0,77.7
10,107,0,4,405,2227,4,0,66.3
11,55,1,2,245,3111,4,1,52.5
7,183,0,5,183,772,5,1,51.7
9,214,1,1,527,2942,15,0,76.7
11,72,1,4,250,3075,0,0,74.7
12,189,1,3,271,1016,8,0,79.7
8,240,1,1,855,2112,20,0,76.6
8,139,1,4,2767,29,6,1,81.4
9,90,0,2,740,2420,10,1,48.3
5,147,1,1,64,3595,14,0,65.2
8,106,1,2,62,2145,23,1,57.3
11,102,1,3,2419,1894,4,0,78.0
10,165,1,5,282,1466,18,0,82.6
8,43,0,2,77,1227,5,0,37.5
9,53,1,3,731,3483,22,0,70.6
6,141,1,2,781,3041,13,1,75.0
11,138,0,3,836,2069,19,0,61.0
8,160,0,2,248,3623,13,1,49.8
8,252,1,2,12,2783,10,0,57.2
7,146,0,2,2682,1126,3,1,56.9
8,175,1,3,231,3118,9,0,71.2
7,81,0,4,901,66,1,0,78.8
10,186,1,3,981,2651,3,1,72.8
7,108,0,1,753,3236,19,0,58.0
13,144,1,3,300,1135,9,0,70.8
13,133,1,4,252,338,0,0,82.5
6,201,1,2,728,2171,13,1,65.8
9,61,1,1,1608,1729,17,1,58.5
7,20,0,2,2345,447,11,0,56.2
8,127,1,3,89,2659,18,1,71.2
15,168,1,3,134,3363,22,0,64.2
8,149,1,3,2316,2719,11,1,88.6
10,213,1,2,1067,3484,4,0,76.2
10,166,0,2,1716,2663,3,0,61.4
5,106,1,5,181,2945,12,0,72.2
6,20,1,2,708,281,17,0,74.1
5,125,1,4,966,3115,11,0,76.1
6,201,0,3,911,3558,15,0,67.4
3,116,1,2,419,596,22,1,53.1
10,141,1,3,12,1987,5,1,58.6
15,165,0,4,699,2751,6,0,62.2
9,79,0,3,233,1075,23,0,46.8
4,177,0,4,478,3970,8,0,55.4
7,238,0,2,2528,210,9,0,72.4
7,129,0,3,407,126,4,0,55.9
5,72,0,4,1465,492,20,0,53.6
11,136,0,4,167,3581,3,0,59.4
11,20,1,3,892,3008,10,0,81.2
5,160,1,3,3018,970,18,1,85.9
11,167,1,1,85,581,6,0,68.2
13,240,1,2,6,2825,12,0,73.9
14,128,0,2,454,2306,12,0,57.1
17,164,0,1,77,1212,20,0,15.5
6,88,0,2,1103,230,22,0,58.4
17,118,0,2,1967,189,17,0,58.3
7,48,1,5,455,3487,8,0,84.3
7,128,0,3,239,2058,12,1,49.3
9,121,1,3,455,3186,12,0,84.8
7,157,1,5,1028,3148,4,0,92.2
10,102,1,2,7,2724,11,0,58.2
5,145,0,3,712,502,0,0,56.2
8,119,1,3,760,2133,17,0,86.9
12,120,0,1,812,49,20,0,62.0
8,144,1,3,221,3567,20,0,73.7
9,142,1,1,1001,2886,21,0,73.4
10,185,1,2,76,3056,23,0,69.0
12,132,1,2,177,689,16,1,69.7
4,119,0,4,1679,387,9,0,60.2
10,129,1,3,1073,970,8,0,92.9
8,97,0,3,11,3461,19,0,52.4
9,118,0,3,228,1006,7,0,54.3
12,261,0,2,193,2266,14,0,61.1
5,85,1,3,252,1725,12,0,62.8
5,123,0,3,227,2005,20,0,43.3
3,116,1,2,51,3053,16,1,59.2
7,125,1,3,491,3418,8,0,74.2
12,120,1,2,1055,3302,23,0,78.9
8,156,0,2,746,2303,20,0,54.0
4,37,1,4,893,2284,10,1,59.9
7,202,1,3,67,3098,3,0,67.4
4,177,1,3,2420,1608,23,1,70.2
5,65,1,3,1458,3333,6,1,71.9
10,20,1,3,1308,1790,19,1,79.3
5,81,0,3,1385,271,22,0,56.6
12,125,1,3,2159,123,21,1,77.1
8,294,0,3,628,2704,2,0,58.1
9,172,1,5,178,1281,9,1,68.2
8,31,0,5,767,3728,2,1,53.2
11,98,1,3,1086,1445,0,0,88.7
11,136,1,4,1071,259,13,0,74.4
10,155,1,3,589,948,12,0,84.4
10,61,1,3,56,2095,4,0,66.5
8,131,0,1,371,863,7,0,42.2
10,96,1,3,2028,525,11,1,78.1
7,73,0,4,702,888,5,0,55.1
9,155,0,4,618,208,23,0,63.9
8,186,1,4,250,3383,22,0,79.7
7,190,1,2,367,2795,1,1,68.6
6,174,1,3,1805,149,23,1,70.5
10,110,1,2,878,3906,3,0,86.0
12,182,1,2,1238,438,4,0,77.1
12,158,0,3,484,2203,10,0,73.6
5,148,1,3,795,3750,12,0,67.9
12,103,1,3,228,3162,7,0,69.8
8,110,1,3,977,1722,20,1,76.2
10,144,1,2,446,3902,4,0,79.4
6,286,0,1,467,358,5,0,60.2
9,158,0,4,838,3246,14,1,59.2
9,103,0,1,2202,1241,22,0,59.2
4,90,0,1,52,1931,15,0,50.4
10,110,1,4,1393,456,10,0,84.5
13,270,1,5,276,2824,6,0,86.8
8,116,1,3,469,1633,5,0,68.8
13,194,0,1,17,629,11,1,24.1
8,117,0,2,286,3271,3,1,52.7
11,155,1,5,558,2880,13,0,89.7
3,187,1,4,46,486,10,0,66.9
16,105,1,3,540,2581,11,0,67.8
13,101,0,2,2095,200,1,0,55.5
8,239,1,1,89,371,10,0,64.9
3,199,0,1,1156,1014,12,0,43.0
9,187,1,3,421,1983,10,0,78.4
4,187,1,1,851,2901,8,1,54.7
10,167,0,5,241,1472,20,1,60.0
10,261,1,2,138,248,15,1,66.3
6,142,0,3,139,788,4,0,53.3
12,174,1,2,58,2312,11,0,67.5
11,52,1,3,164,3130,2,0,70.2
11,90,0,1,873,3374,15,1,55.6
9,67,1,4,1707,2079,18,1,86.2
4,216,1,3,1346,1522,16,1,81.7
11,20,0,1,924,1273,10,1,38.4
8,115,1,4,93,605,20,0,68.7
4,20,1,3,273,3849,18,0,58.7
13,90,0,4,296,3343,17,1,68.4
15,110,1,4,230,3678,8,0,64.2
8,223,0,4,578,1690,12,1,55.5
15,163,0,1,613,1418,5,1,40.1
9,90,1,2,353,1821,2,0,82.7
7,203,1,5,349,502,22,0,76.8
7,141,1,3,1410,3664,11,0,88.7
13,142,1,2,1245,3876,8,0,79.5
6,67,0,4,294,3156,8,0,52.8
11,80,0,2,1960,3437,14,0,68.4
7,90,1,3,2442,2934,0,0,82.2
7,142,1,4,316,549,17,0,82.6
12,144,0,4,350,1366,14,1,56.6
7,232,1,2,563,839,7,0,69.4
7,163,0,3,2265,1431,10,1,54.5
12,20,0,3,1672,1449,16,0,68.9
13,155,1,3,86,3816,13,0,73.9
10,52,1,2,399,3165,18,0,74.7
7,82,0,3,644,848,22,1,53.8
7,91,1,3,559,614,23,0,78.1
9,100,1,3,172,412,4,0,73.4
9,57,1,4,1566,2480,1,0,82.6
6,152,0,3,903,678,14,0,64.8
11,55,1,2,1455,159,18,0,76.4
9,161,1,3,1565,2062,15,0,93.2
3,274,1,4,1103,373,12,0,82.7
6,60,1,2,462,2273,6,1,67.4
7,122,1,3,754,3577,16,1,73.6
8,20,1,2,139,1097,18,0,63.4
14,121,1,2,895,3321,6,0,77.0
9,178,1,4,158,2559,11,1,63.0
6,183,1,4,947,603,12,0,89.0
9,144,1,3,208,216,12,0,76.1
7,193,1,3,100,1997,13,0,75.6
9,292,1,4,144,3674,14,0,86.3
10,242,0,5,1,1565,1,1,31.3
12,108,1,3,1014,1841,5,1,80.4
8,52,1,3,1054,1963,8,1,75.6
13,115,0,3,578,3036,14,1,60.8
11,83,1,1,140,3292,19,1,64.4
6,167,0,3,69,2888,15,0,57.6
15,69,1,4,15,727,1,1,36.3
9,135,1,4,144,1245,2,0,75.2
6,190,1,4,1772,3461,22,1,90.8
13,133,1,1,221,2602,19,0,84.1
15,83,1,3,349,3719,22,0,69.4
8,210,1,2,89,1066,20,0,64.9
7,27,1,2,201,676,7,0,68.4
8,120,0,4,585,2921,7,0,64.3
11,137,1,3,748,283,20,0,85.1
12,140,1,4,225,1082,6,1,67.5
10,150,1,1,47,3886,10,1,56.1
9,176,1,3,396,2882,21,1,68.7
13,137,0,3,213,2585,12,1,49.7
8,117,1,2,198,3145,7,1,61.4
12,115,1,2,2572,1909,8,1,75.0
8,103,1,1,766,2971,15,0,80.6
10,187,0,3,651,1153,4,0,65.2
8,101,1,5,429,3671,22,1,76.5
8,190,1,4,448,2890,13,0,93.5
7,141,1,5,622,3498,0,0,79.5
13,108,1,4,953,948,23,1,70.2
6,177,1,4,968,665,18,0,86.8
6,96,1,3,150,1718,16,0,78.2
15,178,0,3,554,1149,21,0,61.2
11,152,1,3,424,67,13,1,74.9
3,104,1,4,1635,2054,12,1,67.4
7,171,1,2,798,637,7,0,74.3
3,172,1,1,608,314,2,0,65.5
6,209,1,4,98,3398,0,0,69.1
3,197,1,1,744,565,18,0,80.6
8,169,1,5,99,1602,14,0,71.0
5,72,1,3,329,826,20,0,56.9
9,286,1,2,123,2554,7,0,66.3
4,55,1,3,942,1106,8,0,60.5
9,196,1,4,184,3671,12,0,80.7
7,165,1,2,397,1026,11,0,71.1
13,69,1,4,1808,2252,8,0,82.7
13,132,1,4,182,662,19,0,90.1
11,135,0,2,567,805,23,0,64.1
8,218,1,1,434,2452,10,0,72.3
14,97,1,2,14,3175,4,0,59.6
4,124,0,2,1259,536,18,0,62.9
4,20,1,1,57,1392,20,0,45.0
8,244,0,3,514,1236,17,1,56.3
15,75,1,3,658,2625,10,0,58.9
8,159,1,4,792,3281,10,0,85.4
8,133,1,2,933,2811,5,0,72.9
4,134,1,3,233,1921,0,0,63.6
11,188,0,3,8,2165,21,0,53.0
11,240,1,4,1028,628,20,0,88.4
11,155,1,3,613,749,8,0,81.5
7,179,1,3,1446,3550,6,0,79.7
6,159,1,4,1378,105,5,1,83.2
5,201,1,2,1482,2543,22,0,67.2
9,112,1,1,531,3843,9,0,64.8
5,204,1,3,324,46,4,1,58.9
5,206,0,4,1254,2871,0,0,54.0
7,204,1,1,480,1355,14,1,72.3
7,100,1,3,162,1240,4,1,68.4
7,129,1,3,1544,982,19,1,82.8
10,154,0,4,1713,960,5,0,72.2
9,57,1,2,502,1516,4,0,70.1
8,235,1,2,62,1837,16,0,67.7
9,139,0,3,392,3994,17,0,66.9
6,157,1,3,1301,2893,3,1,77.4
9,105,1,3,1856,2497,23,0,81.4
9,60,1,3,181,2584,20,1,57.2
4,103,0,4,55,2559,22,0,50.2
11,153,0,4,1678,1482,1,0,62.6
6,180,0,4,394,3619,7,0,64.4
9,149,1,3,624,1560,4,0,79.0
12,160,1,5,2755,2588,3,0,92.5
11,119,1,2,55,1508,21,0,64.1
9,169,0,3,836,2064,13,0,70.0
7,228,0,3,61,3643,3,0,43.3
11,182,1,4,376,2001,7,0,81.8
11,188,1,3,1302,2291,2,0,77.6
7,157,1,4,454,1974,13,0,91.5
6,49,1,4,4697,3279,17,0,82.4
3,77,1,3,655,912,22,0,51.8
9,167,1,4,309,1295,11,0,71.1
8,139,1,1,198,2809,14,1,65.7
12,166,1,2,345,1803,19,0,70.9
10,240,0,5,372,2753,19,0,64.1
13,183,0,3,56,3919,8,0,47.3
6,215,0,3,369,1754,1,0,61.9
12,145,1,3,499,115,0,0,74.7
7,91,1,1,1026,1604,14,0,79.4
11,136,1,3,855,1323,22,0,79.9
4,91,0,3,986,1861,14,0,53.4
9,233,1,2,6,3555,7,0,58.2
3,187,1,2,196,2445,2,0,74.4
8,171,1,3,867,2442,1,0,72.4
10,214,0,3,529,1099,3,1,49.4
7,20,1,2,4,978,17,1,38.3
5,175,1,3,1305,1506,11,0,73.9
11,61,1,4,1185,1127,17,0,75.4
8,139,0,3,636,297,20,0,67.9
7,121,1,4,55,3050,9,0,79.0
9,179,1,4,1163,2226,20,0,89.0
16,153,1,1,701,3287,7,0,70.4
12,220,0,1,1218,3015,17,0,63.8
12,103,0,3,1114,2363,16,0,74.6
10,182,1,3,1299,1063,18,0,86.3
9,149,1,3,583,259,5,0,76.6
3,41,0,2,120,3788,13,0,43.3
6,84,1,3,889,2055,4,0,79.2
7,131,0,1,775,2097,7,0,66.8
3,206,1,5,1084,3610,7,1,78.7
5,167,1,2,148,2209,17,1,57.1
3,69,0,4,173,1893,8,0,42.2
8,131,1,2,1768,176,13,1,78.3
11,261,1,2,1108,3663,13,0,80.2
12,146,1,2,1910,3074,19,0,90.8
10,120,0,5,1137,1001,13,0,71.3
6,169,1,1,727,1919,16,0,78.4
3,185,1,3,849,2503,1,0,69.1
3,112,0,4,1759,1668,13,0,63.7
5,170,1,3,691,276,21,0,75.9
6,120,1,3,800,2546,20,0,84.1
8,183,1,5,136,3701,11,1,70.4
5,150,0,4,513,676,22,0,61.6
10,168,1,3,1008,1824,15,1,82.6
8,94,1,3,252,1052,21,0,76.1
9,90,1,5,180,1357,5,1,77.9
12,196,0,5,301,3073,17,1,69.8
5,135,0,3,221,3260,6,0,51.1
10,157,1,4,193,2104,1,0,78.9
8,121,1,2,442,547,12,0,65.2
7,193,0,3,1907,1136,22,1,60.9
11,103,1,2,565,3870,7,0,78.2
11,131,0,2,166,3382,11,0,54.0
6,187,1,3,64,2084,0,0,64.9
8,210,1,3,952,2041,8,1,71.0
9,108,1,2,386,439,7,0,77.8
8,257,0,3,1380,1753,8,0,63.2
10,158,1,3,861,1616,4,0,81.9
9,77,1,5,1272,1850,12,0,70.7
14,162,1,4,253,2643,13,0,83.6
4,117,1,3,943,1601,3,0,77.5
8,166,1,4,245,3397,16,0,85.1
6,137,1,2,2238,1664,8,0,81.4
10,144,0,3,809,307,19,0,62.5
4,85,1,5,313,3606,14,0,70.9
10,199,0,3,251,3800,19,0,58.6
7,70,1,3,169,619,3,0,70.9
6,73,1,2,949,1133,1,0,70.0
4,162,1,2,197,1396,12,0,66.7
7,236,0,3,723,2405,3,0,69.4
12,118,0,5,245,2229,17,0,69.4
8,182,1,3,867,1380,23,0,85.3
10,204,0,4,1349,1700,15,0,78.9
13,188,1,4,1204,2116,22,0,78.7
9,121,1,2,1144,2340,9,1,68.3
7,74,1,3,166,2740,1,0,57.2
10,20,1,3,74,181,13,0,57.9
7,124,1,3,960,3538,1,1,72.0
7,210,1,1,367,2482,17,0,74.5
4,72,1,5,452,1488,0,0,59.2
11,182,0,4,25,3753,12,1,45.7
7,82,1,3,240,914,5,0,72.8
9,146,1,3,27,1558,21,0,72.8
5,182,0,1,1690,2114,16,0,57.6
10,100,0,3,223,1045,16,0,62.8
6,150,0,4,651,1636,21,0,63.9
8,115,1,4,31,2432,10,1,61.8
11,182,0,2,879,3884,5,0,61.8
11,154,0,3,312,1639,19,0,68.0
8,143,1,3,1825,1583,2,0,77.7
3,233,1,2,1752,2087,13,1,66.8
17,179,1,1,314,1309,5,0,63.6
14,98,1,3,1849,822,16,0,89.3
11,134,1,3,4449,602,2,0,92.4
6,135,0,1,1396,1621,16,0,60.4
8,144,1,1,1490,785,18,0,88.4
7,291,0,2,229,3408,17,1,49.3
12,162,1,2,687,1212,4,0,75.2
9,20,1,3,55,671,14,0,71.2
6,107,1,2,79,1267,2,0,70.0
7,24,1,2,5444,1097,22,0,88.0
12,120,1,4,316,2527,7,0,84.5
13,20,0,2,1103,1998,6,1,52.4
13,87,1,3,1314,2609,17,1,79.4
11,48,0,5,1561,101,9,0,70.6
8,163,1,3,4835,2562,22,1,82.1
3,140,1,3,221,1780,9,0,55.8
9,158,1,3,32,176,18,0,73.7
8,133,1,1,423,238,22,1,67.2
9,56,1,3,111,2958,0,0,58.4
9,170,1,3,18,3131,1,1,58.6
5,255,1,2,357,3937,0,0,66.4
10,164,0,3,1225,1123,8,1,63.7
10,114,1,4,668,2919,14,1,83.3
11,54,1,2,300,1978,17,0,70.1
11,85,1,3,849,2543,17,1,72.3
10,167,0,3,211,2995,21,1,39.9
7,204,0,4,11,2004,6,0,53.3
8,155,0,4,1156,1538,13,0,74.5
9,187,1,4,781,755,17,1,80.6
9,182,1,3,1149,3369,19,1,83.1
11,170,0,1,31,2259,18,0,45.6
10,100,1,2,1451,1147,4,0,70.2
15,150,1,3,773,3301,8,1,70.6
15,89,1,3,662,3666,17,0,82.5
9,141,1,5,783,3728,12,1,78.3
3,159,1,3,1598,1412,4,0,75.6
12,240,1,3,707,140,23,0,77.1
7,61,1,3,695,541,21,0,81.3
6,168,1,2,3740,1415,19,1,88.4
7,228,0,3,1130,270,14,0,65.2
7,185,1,3,467,3831,23,0,81.3
10,189,1,5,983,1036,18,0,88.6
4,175,1,3,394,1891,19,0,70.4
5,217,1,5,207,3461,10,0,70.8
10,74,1,3,726,3409,8,0,69.2
10,56,1,2,2106,506,20,0,66.0
10,139,1,2,2117,1130,21,0,88.5
6,20,1,2,334,2080,15,0,71.6
6,213,0,3,600,3146,10,0,69.2
7,213,1,1,190,3243,1,0,67.0
9,113,1,3,4346,1873,7,1,74.0
13,117,1,5,3175,1093,22,0,98.4
3,135,0,3,838,813,20,0,56.2
8,143,1,4,1305,362,4,0,84.8
5,147,0,2,1004,3721,10,0,58.5
4,173,1,3,719,1457,10,0,65.5
11,129,1,2,43,929,8,0,69.3
10,196,1,4,485,100,10,0,85.2
10,166,1,2,898,1682,4,0,79.2
11,103,1,3,905,2057,8,0,73.9
7,220,1,3,373,3646,0,1,74.9
7,58,1,3,2273,2745,9,0,81.1
15,134,1,4,146,1053,7,1,62.6
8,198,1,2,555,3965,18,0,80.6
11,96,0,3,939,3186,15,0,62.8
9,158,0,4,955,2510,12,1,54.1
3,172,1,3,836,921,23,0,69.0
3,88,0,3,257,3215,4,0,41.7
7,135,1,1,135,2438,17,0,63.6
12,130,1,4,808,632,8,1,74.7
11,106,1,5,731,682,3,0,80.0
11,278,1,3,158,2205,13,0,77.2
6,94,1,4,977,2383,6,0,85.1
13,200,1,3,485,3933,11,0,71.2
6,116,1,2,881,2308,23,0,82.1
9,74,1,1,1453,2130,6,1,67.0
8,146,0,3,148,754,10,0,44.2
8,178,0,3,15,1465,21,0,51.8
13,195,1,4,1208,3244,14,0,93.5
6,233,1,3,752,3303,6,0,80.9
4,316,1,5,962,720,19,0,84.2
9,155,1,3,1456,75,16,1,81.9
7,100,1,3,1298,1294,4,1,72.0
19,167,1,2,2593,1923,7,1,60.3
11,124,1,3,614,2674,9,0,78.9
7,195,1,4,536,62,5,0,81.5
5,62,0,1,411,874,20,1,21.8
3,282,0,5,133,320,1,1,44.3
5,191,1,5,680,2150,4,1,79.0
9,38,1,3,259,1453,9,1,63.1
13,97,0,2,2033,874,2,0,56.9
12,188,1,2,700,1746,12,0,78.4
9,210,1,2,718,3002,15,0,85.5
8,63,1,1,350,2303,14,0,72.7
9,182,1,3,42,1556,1,0,70.4
7,23,0,1,25,2618,2,1,31.7
14,134,1,3,440,112,19,1,79.8
8,206,1,3,70,3033,17,0,73.6
8,106,1,2,746,3385,19,0,83.8
3,49,1,3,1702,3046,19,0,71.9
8,148,1,5,1715,461,14,0,97.5
11,103,1,3,860,2756,21,0,84.7
5,177,1,3,189,887,4,0,65.8
6,86,1,4,1590,3534,22,0,88.5
11,93,1,3,1737,3937,10,0,81.8
4,20,1,4,175,1116,22,0,59.5
12,150,1,2,1069,1076,2,1,71.4
7,130,1,4,270,3877,8,0,76.2
7,68,1,2,1298,520,6,1,71.3
5,151,1,4,4713,812,22,0,86.8
10,201,1,2,24,3170,1,0,65.6
16,127,0,4,1821,2284,14,0,69.4
11,156,1,5,779,1925,11,1,80.8
6,156,1,2,2900,3446,15,0,82.2
12,67,1,5,500,1605,15,0,87.6
8,263,1,1,1503,927,15,1,85.5
13,111,1,2,51,557,18,1,66.5
11,179,1,3,326,2697,2,0,72.7
3,186,1,5,55,2282,21,1,63.1
5,131,1,3,2962,1056,19,1,72.6
11,176,1,3,1358,3361,3,0,80.7
9,154,1,3,1531,3710,0,1,64.5
5,54,1,5,2224,579,21,0,82.5
7,120,1,4,71,542,7,0,74.6
3,103,0,2,389,2162,23,0,51.1
8,112,0,2,58,2252,14,0,56.7
15,61,1,1,189,1053,23,1,47.2
11,207,1,3,208,2691,20,1,72.5
15,236,1,2,506,474,21,1,67.3
11,198,1,2,250,2745,4,1,65.1
12,216,1,4,85,2301,19,0,70.5
14,119,1,2,146,3870,11,1,58.6
10,101,1,3,127,905,19,0,80.5
8,93,1,3,2891,1946,19,0,86.3
12,178,1,1,1139,386,3,0,75.6
13,153,0,3,2747,62,21,0,80.7
7,135,1,3,463,515,14,1,81.5
6,217,1,4,260,430,5,0,68.8
9,164,1,2,1280,580,4,1,84.3
11,89,1,3,315,1561,10,0,83.3
11,99,1,4,284,3763,13,1,80.6
4,180,1,4,211,1165,10,1,63.6
14,202,1,4,111,2791,8,0,68.1
7,173,1,5,237,1324,23,0,79.8
8,253,1,4,351,2723,9,1,63.3
6,238,1,3,896,2359,5,0,86.0
17,166,1,4,51,471,10,0,64.5
9,89,1,3,189,1417,8,0,70.5
6,61,1,2,1324,1666,4,0,76.8
11,116,1,2,127,1469,9,0,70.9
11,185,1,2,335,3830,19,0,86.8
8,249,0,2,1599,809,13,1,58.4
11,165,1,2,134,172,5,0,76.4
6,210,0,1,69,2624,3,1,39.4
7,125,1,4,530,31,23,0,78.2
3,177,0,4,288,47,22,1,49.3
5,189,1,3,663,130,20,0,72.2
14,21,0,4,1302,2400,9,0,62.4
13,115,1,2,118,978,21,1,57.0
9,196,1,4,695,3917,10,0,71.7
13,156,1,3,563,1646,15,0,81.6
8,68,0,1,124,1605,6,0,42.8
8,20,1,2,782,58,17,0,77.1
9,118,1,2,255,1130,6,0,70.1
8,135,1,1,535,2860,23,0,73.6
8,86,1,2,68,1354,20,0,64.5
12,148,1,1,492,768,14,0,76.4
9,170,1,2,292,3896,18,0,84.3
11,180,0,2,1382,683,17,0,60.3
12,20,0,5,46,3455,14,0,62.8
10,61,1,2,433,2009,17,1,65.6
6,121,1,2,490,3234,2,0,85.4
4,174,1,3,1032,3045,0,0,83.1
9,169,1,4,683,2334,0,0,71.8
8,168,1,3,880,3143,6,1,75.0
9,116,0,4,1200,1791,9,0,62.8
8,120,1,2,1585,1478,11,0,79.9
16,96,0,2,301,886,7,0,49.4
5,186,0,2,617,3639,21,1,50.6
3,84,1,3,1466,3907,22,0,70.0
9,191,0,3,3641,397,16,0,87.1
7,152,1,3,1762,1539,13,0,86.3
9,137,1,2,371,2074,16,1,65.3
10,100,1,3,173,313,20,0,79.3
12,58,1,2,537,2174,22,0,68.3
4,101,1,3,1082,3480,5,1,78.1
7,120,1,3,542,1589,19,1,72.0
10,20,1,3,528,1222,16,1,69.7
11,128,1,2,1457,811,19,0,91.5
15,195,1,4,358,2236,7,0,68.0
11,174,1,3,1571,2746,12,0,90.1
8,110,1,2,417,3889,15,1,74.5
6,142,1,5,318,2858,11,1,70.9
7,106,1,3,484,2764,16,1,82.7
7,148,1,3,1149,2033,17,1,79.3
10,232,0,2,107,1508,7,1,49.4
9,198,1,3,174,450,17,0,75.3
5,171,1,2,2420,2571,10,0,67.2
7,110,1,3,154,1895,12,0,71.1
11,184,1,3,670,1378,11,0,79.3
10,38,1,3,692,3034,14,0,78.0
10,124,1,2,538,2706,2,1,71.4
10,175,0,4,827,597,2,0,75.8
13,184,0,2,208,2148,5,1,45.9
9,180,1,3,643,616,2,1,81.6
7,157,0,4,372,948,8,0,67.6
6,128,1,3,866,1582,10,0,80.6
9,172,0,2,121,556,7,0,52.6
3,82,1,3,676,278,3,0,73.9
8,89,1,2,163,3765,21,0,75.5
8,143,1,3,261,3771,23,0,81.5
4,150,1,2,197,2014,19,0,61.2
6,30,0,3,161,3698,14,0,57.4
11,167,1,3,1397,491,4,0,85.2
9,186,1,2,269,255,6,0,74.6
9,135,1,2,2095,2429,7,0,81.2
9,282,1,2,2803,892,6,0,86.6
9,99,1,3,677,542,7,1,77.4
12,118,0,3,123,1288,3,0,54.9
9,116,0,3,375,1634,0,1,57.4
4,135,1,4,1278,825,21,0,74.8
13,120,1,2,366,2927,4,0,74.0
10,55,1,4,72,1353,10,0,66.9
7,107,0,2,650,3187,3,1,50.0
5,134,0,2,1492,3348,1,1,45.6
10,213,1,3,1271,3560,16,0,83.1
8,272,0,4,154,281,11,1,53.7
13,220,1,3,893,1299,1,0,90.9
7,93,1,3,199,773,8,0,77.5
6,98,0,4,196,2891,5,0,58.7
11,130,1,4,1657,2767,5,0,93.7
11,247,1,1,229,3968,17,0,73.5
9,130,1,4,244,328,21,0,82.3
11,60,1,4,1,2259,2,1,44.7
8,109,1,3,1636,2775,14,0,81.4
9,185,0,4,1258,923,6,1,61.4
12,181,1,5,789,552,12,0,97.7
10,127,0,3,1109,2074,9,0,61.4
8,181,1,1,131,2075,3,0,74.1
13,20,1,3,490,702,15,0,80.5
3,146,0,1,346,3155,8,1,35.3
15,191,1,2,78,1920,20,0,59.6
3,90,1,3,532,2730,9,0,66.1
7,89,1,2,2028,2461,18,0,91.4
8,28,1,3,32,167,16,1,51.6
8,235,1,4,275,3772,0,0,81.6
12,96,0,3,186,169,12,1,58.8
5,154,0,4,217,3873,3,0,49.3
9,176,1,1,1912,229,14,0,85.4
7,230,0,4,504,2003,9,1,49.8
9,130,0,4,502,3681,19,0,69.5
8,107,1,2,1143,367,8,0,74.5
9,150,1,2,134,528,7,0,71.2
7,217,1,2,534,791,19,0,78.5
7,129,1,4,449,3719,5,0,76.8
9,82,1,4,726,3610,22,0,83.3
11,47,1,2,6178,3936,9,1,58.9
7,66,1,3,1173,524,23,0,69.6
6,191,1,2,405,1096,19,0,91.8
10,120,1,3,1406,1669,16,0,87.6
8,103,1,5,149,2154,4,0,77.7
11,97,1,2,24,2780,13,0,69.2
6,145,0,4,182,1909,16,1,63.0
3,125,1,4,332,3013,10,1,73.7
7,123,0,5,571,3761,3,0,67.8
6,220,0,2,763,1306,22,0,58.8
8,232,1,2,1931,133,22,0,84.0
7,43,0,1,570,2582,16,0,52.6
11,159,0,3,556,3023,1,1,53.8
8,93,1,3,41,2317,20,0,71.0
9,125,0,2,28,3484,21,1,41.1
9,158,0,4,640,2721,0,0,65.8
9,127,0,2,461,1643,17,0,74.7
8,153,1,2,1461,2839,6,0,90.3
10,180,1,3,140,1889,21,0,76.2
6,157,1,1,20,1771,5,1,57.3
13,101,1,2,476,18,5,0,72.4
8,102,1,3,216,1778,13,0,80.5
5,53,1,4,40,117,22,0,58.8
9,88,1,4,1031,798,11,1,85.6
6,257,1,3,94,3866,13,1,64.5
10,92,1,3,749,3216,13,0,82.7
15,68,1,3,263,3789,11,1,53.7
6,159,1,2,152,2599,8,0,78.3
9,133,1,3,382,2977,8,1,71.3
3,128,1,3,1293,3738,1,1,74.2
10,224,1,3,398,1712,17,0,82.3
6,172,0,3,1111,753,4,0,68.4
7,108,0,3,107,2470,22,1,41.8
5,114,0,3,1185,3970,11,0,53.3
11,109,1,4,216,1393,13,1,75.3
12,192,1,2,905,2694,12,0,72.6
9,121,1,4,667,2606,2,0,77.4
6,32,0,2,2117,2098,14,1,52.2
13,137,0,2,391,678,14,0,54.3
6,47,1,3,54,106,2,0,60.3
3,271,0,3,15,3288,19,0,43.8
10,82,1,4,1402,658,18,0,87.5
5,130,1,3,595,1947,14,0,74.8
11,155,1,3,1194,1449,18,1,78.8
7,122,1,2,213,1096,7,1,72.5
10,122,1,2,338,988,22,0,74.4
13,165,0,3,24,2890,12,1,51.4
5,231,1,3,2605,1809,22,1,68.9
7,186,1,3,881,1783,9,0,79.0
8,228,0,3,2164,446,1,1,65.9
13,77,1,5,246,1949,10,0,61.2
7,159,1,3,756,3258,21,0,84.3
7,149,1,4,907,2118,18,0,89.0
10,161,1,2,305,1998,8,1,66.7
7,222,1,1,1507,2198,8,0,75.5
9,126,1,2,2352,3318,5,0,85.3
4,115,1,2,1729,774,9,0,63.7
15,172,1,3,1074,1562,21,1,63.3
4,33,1,3,259,1676,23,1,62.4
8,125,0,3,264,1123,7,0,58.0
8,131,0,3,2645,3982,14,0,67.2
14,84,1,5,8,1302,5,1,60.2
5,203,1,4,1007,1587,6,0,80.7
14,76,1,2,980,1687,19,0,75.9
11,131,1,2,779,944,16,0,81.8
10,157,1,2,3692,455,3,0,81.4
6,221,0,2,299,1128,7,1,41.7
10,139,1,3,332,946,12,1,60.4
6,196,1,3,65,601,23,0,65.3
12,182,0,2,467,2701,13,0,68.6
6,147,0,3,242,725,17,1,53.2
8,74,1,3,336,2281,22,0,68.0
7,53,1,1,1439,1418,16,0,66.3
6,146,1,3,2192,1525,17,0,90.3
11,107,0,4,164,3767,13,1,54.8
10,195,1,3,372,251,23,1,68.6
12,184,1,2,2111,1545,10,0,78.9
3,128,0,2,51,79,9,0,36.3
12,70,1,2,77,3124,12,0,57.8
16,170,0,1,142,898,19,0,45.4
7,78,0,4,723,2969,15,0,51.1
14,94,1,1,130,781,13,0,62.7
8,81,0,2,2755,226,2,1,55.4
4,131,1,1,473,1075,17,1,66.5
8,210,0,4,556,1210,5,0,57.2
12,139,0,1,226,1058,19,0,58.5
6,113,1,2,509,803,2,1,76.7
7,48,1,3,867,742,18,0,76.7
10,173,0,3,1112,2179,2,0,61.9
9,93,1,2,1121,3071,11,0,81.7
10,147,1,2,689,2680,7,0,77.4
9,118,1,4,1877,3515,4,0,84.6
10,190,1,5,1360,2886,16,0,95.8
7,130,0,2,1131,2807,9,0,57.6
9,136,0,1,45,3504,20,0,50.3
6,169,1,1,5,704,16,0,56.2
12,266,1,4,191,2545,8,0,79.6
7,193,1,3,871,1427,12,1,82.4
12,134,1,4,423,2371,9,0,80.1
8,140,1,3,411,3282,7,0,73.9
9,108,1,4,1727,615,6,0,84.5
7,83,1,4,1807,329,1,0,87.5
5,106,0,4,1919,1396,1,1,54.1
3,93,1,3,301,1484,3,0,67.4
5,179,1,2,939,133,8,0,72.0
8,75,1,3,253,835,13,0,73.1
9,219,0,3,169,2699,23,0,53.4
12,185,0,3,163,121,10,0,55.6
7,141,0,2,334,2654,20,1,45.1
6,140,1,3,449,1476,6,0,75.7
4,106,1,3,1422,965,18,0,68.6
10,156,1,3,102,129,3,1,60.3
13,205,1,2,1062,3163,1,0,82.8
12,97,1,3,606,3676,22,0,82.6
11,47,0,2,271,1599,21,1,43.3
10,182,1,4,543,2077,20,0,84.3
14,159,1,3,285,2770,22,1,66.6
9,72,0,2,725,1548,18,0,49.7
10,95,1,1,455,333,20,1,63.2
8,88,1,3,143,3369,17,1,55.5
4,96,1,2,99,1154,20,0,65.8
6,120,1,5,632,1317,6,1,80.1
8,124,0,3,1861,1197,10,0,70.8
9,100,1,2,337,3792,9,0,71.0
14,94,0,3,1056,2992,10,0,55.9
9,126,0,2,859,3096,22,0,60.7
12,150,0,4,2145,3171,8,1,64.2
7,121,1,2,1376,1430,2,1,72.2
8,209,1,5,668,356,23,1,80.7
5,170,1,3,856,139,4,1,63.6
6,44,1,4,1829,1527,22,0,80.6
10,171,0,1,408,3898,0,1,48.6
9,176,1,2,316,1198,0,0,81.7
11,113,0,3,8,29,19,1,44.3
9,50,1,3,1401,931,4,1,62.0
7,140,1,2,1291,2544,18,0,82.7
15,139,0,3,88,1014,5,0,40.5
8,72,1,2,688,2703,2,1,68.7
12,52,0,3,498,828,20,0,50.1
7,134,1,2,101,351,12,0,66.9
11,126,0,2,3152,2602,16,1,63.1
11,114,1,2,193,2025,2,0,73.1
9,134,0,3,55,299,22,1,37.8
3,73,1,2,722,1744,2,1,54.0
9,113,1,5,1074,1866,20,0,93.1
12,171,0,2,26,1216,22,1,35.6
10,119,0,4,860,1696,12,0,75.4
10,39,1,3,607,2112,1,1,60.0
3,111,1,3,87,755,2,0,60.2
6,75,1,2,151,770,19,1,63.9
10,156,1,3,671,3736,15,0,85.1
10,159,0,3,281,1239,20,0,56.8
12,40,1,3,2228,834,11,1,64.7
8,185,1,1,1366,2214,8,0,73.8
10,73,1,4,3286,3615,15,1,89.4
9,233,1,5,240,1907,3,1,76.3
6,137,0,3,2797,3304,19,0,76.2
3,65,0,3,451,3866,17,1,39.0
10,71,1,3,341,1565,0,0,69.8
9,160,1,2,41,1219,6,0,62.8
7,116,1,1,43,506,19,0,60.0
4,134,1,3,942,1358,11,0,69.7
10,236,1,4,489,3840,7,0,79.1
8,98,1,1,205,2841,7,0,78.7
10,143,1,3,761,3376,23,0,89.8
14,225,1,4,233,2881,21,0,70.0
3,156,0,2,689,1461,8,1,39.7
6,43,0,2,356,3395,13,0,51.9
8,170,0,4,1387,3574,19,0,73.5
13,70,1,2,1374,2906,4,0,71.3
4,224,1,2,519,3986,19,0,81.8
14,90,1,3,345,1417,20,1,67.5
9,318,1,3,360,2854,1,1,71.2
8,228,1,4,1310,3671,20,0,90.9
8,92,1,3,318,1173,9,0,76.2
7,141,1,3,187,761,23,1,63.9
12,185,1,3,70,833,8,1,59.5
5,187,1,5,502,1429,6,0,86.7
10,166,1,2,526,283,22,1,72.2
7,215,1,2,1470,3434,21,0,81.7
6,132,1,5,200,379,17,0,74.9
16,117,0,5,383,198,11,0,55.3
10,119,1,2,1321,3063,10,1,70.9
10,191,0,2,1388,3072,9,1,56.1
12,161,1,3,388,556,12,0,76.8
4,157,1,1,491,356,8,0,62.2
14,187,0,3,289,1564,15,0,64.7
3,20,1,1,2157,3501,20,0,67.2
6,158,1,1,101,1041,21,0,62.0
7,153,0,3,2171,2687,16,0,67.2
10,240,1,5,921,379,4,0,84.9
9,48,1,3,606,680,5,0,66.6
8,233,0,3,26,2554,9,0,46.1
8,144,1,5,516,1780,10,0,95.1
6,169,1,3,419,899,1,0,76.1
4,240,1,3,140,76,6,0,59.4
11,173,0,3,854,231,13,0,65.8
11,164,1,2,2836,1740,3,0,91.0
13,154,1,3,660,962,4,0,78.4
6,110,1,3,1003,3320,18,1,75.7
11,138,0,2,56,2350,20,0,38.9
8,97,1,2,432,2774,19,0,78.0
12,137,0,2,98,2263,9,0,42.8
12,20,1,3,759,3230,5,0,73.5
9,165,1,1,2230,2117,1,0,76.8
7,132,0,2,867,393,2,0,49.4
11,119,0,4,63,1109,14,1,60.8
10,153,1,3,350,267,9,1,80.7
6,53,1,1,639,1093,16,0,71.6
5,255,0,3,412,611,6,0,59.4
8,133,1,1,1434,1371,1,1,71.1
13,131,1,3,1348,1009,6,0,73.3
12,82,1,3,757,962,14,1,77.2
5,141,0,3,374,2776,2,0,48.1
5,223,0,3,235,3999,4,1,34.7
12,202,0,1,89,673,21,0,46.5
5,191,1,3,350,2471,7,0,65.2
10,172,1,2,426,3678,3,0,75.6
7,118,1,2,901,3246,17,0,86.7
13,52,1,4,858,1701,18,1,82.7
6,127,1,3,58,2163,7,0,68.8
12,125,1,5,402,2268,22,0,78.4
9,202,1,1,160,31,5,1,57.4
9,158,1,3,136,3595,4,0,70.6
3,236,1,1,1404,1367,4,0,80.3
3,211,0,3,34,1401,16,1,38.1
8,112,1,1,434,1154,5,1,67.1
9,32,1,2,147,617,12,1,60.3
5,223,1,2,1691,539,8,1,72.7
5,221,0,3,651,2787,23,1,47.8
10,58,1,2,210,3074,11,1,54.7
10,230,1,4,558,871,9,0,79.8
8,162,1,2,1051,101,0,0,72.3
11,149,1,1,2538,3605,10,1,76.9
5,236,0,3,199,3130,5,0,62.1
7,220,1,5,1738,1413,2,0,97.3
13,179,1,2,2178,2740,5,1,75.1
9,168,1,2,1985,941,8,1,68.1
9,176,1,4,807,341,21,0,81.2
15,115,1,2,795,2909,7,0,71.5
4,136,1,3,412,1044,14,0,73.0
11,85,1,2,1116,3327,21,0,78.3
13,120,0,3,606,3389,5,0,63.4
8,118,0,2,905,38,22,0,61.1
11,101,1,3,447,660,10,0,89.7
6,148,1,4,1051,2034,9,0,96.5
6,120,1,4,1391,1561,10,1,77.8
10,170,1,3,126,3458,3,1,70.6
11,42,1,4,1431,1657,12,0,71.5
12,133,0,2,621,2976,7,0,63.1
13,147,1,2,1489,1050,19,0,87.7
8,121,0,3,451,454,14,1,53.6
12,129,1,3,381,1705,6,0,83.1
7,44,1,1,1972,1347,0,1,58.2
11,161,1,3,231,2785,8,1,67.4
9,178,1,3,1487,3585,22,0,84.2
10,169,1,3,529,819,7,0,70.4
10,202,0,4,577,773,1,1,58.2
4,152,0,3,295,13,13,0,50.7
5,168,1,1,680,2963,11,0,63.5
9,149,1,3,314,3980,22,0,76.0
3,181,0,3,32,3632,16,0,36.9
11,45,0,2,253,921,18,0,48.8
11,86,1,3,5,825,5,1,50.8
9,235,1,5,3066,2419,20,0,91.3
5,20,1,2,2699,1315,4,1,55.2
13,131,1,2,402,2380,5,0,67.6
15,210,1,2,1042,3678,2,0,65.6
9,134,1,3,339,2309,15,0,72.1
10,115,1,4,889,2018,17,1,78.1
9,147,1,3,1309,3862,13,0,94.0
10,118,1,2,2346,3943,14,1,72.6
8,141,0,3,408,1229,3,0,64.2
8,98,0,3,1223,697,10,1,50.9
11,206,1,3,247,2735,4,0,77.9
16,225,1,2,3711,950,8,0,89.5
4,131,1,3,20,2435,4,0,59.3
8,56,1,3,740,3964,6,0,71.4
5,108,1,1,861,2869,17,0,70.8
13,128,1,3,931,2516,17,0,90.8
7,170,1,5,102,1439,19,1,77.8
4,79,1,2,2231,69,23,0,67.4
10,93,1,5,159,3544,1,0,77.5
14,170,0,1,779,3176,22,1,50.8
10,196,1,3,201,1782,12,0,65.5
9,102,1,2,293,3233,12,0,70.0
10,60,1,2,632,2248,16,0,82.4
13,337,1,3,431,2264,21,1,67.3
6,186,1,3,139,1970,16,0,77.2
8,123,0,4,149,212,5,0,52.9
7,192,1,3,433,508,13,0,93.0
5,132,0,3,1132,2064,20,0,53.1
8,192,1,4,1825,1522,13,0,87.8
12,149,1,3,70,2932,11,0,70.7
10,145,1,2,399,332,4,0,71.7
10,133,1,2,84,2765,4,0,57.3
9,53,1,3,13,3949,3,0,47.3
10,256,0,3,867,551,22,0,62.1
6,83,1,1,737,1625,12,0,68.3
8,58,1,2,142,942,3,0,54.0
9,127,0,2,213,2304,17,0,51.2
9,82,1,3,19,3040,15,0,68.2
9,136,1,2,1441,3838,17,0,84.5
8,181,1,2,2941,728,1,0,87.5
7,199,1,3,116,880,22,0,66.0
18,188,1,4,210,2863,3,1,62.0
11,121,1,2,1622,3244,19,1,75.3
10,142,1,3,2087,649,16,0,92.8
8,164,1,1,435,1000,19,0,76.6
7,34,1,4,41,1522,5,0,64.3
8,174,1,2,32,2519,17,0,74.3
9,52,1,5,682,3456,19,1,77.4
3,262,0,5,399,2738,6,0,63.4
4,115,1,4,23,1613,12,0,53.6
7,128,0,1,700,2748,8,0,48.4
9,93,1,3,9,2555,1,0,67.6
8,102,1,1,1238,3040,7,0,77.6
13,276,1,4,292,1010,13,0,87.3
4,196,0,4,32,1551,21,0,49.4
6,47,1,5,710,804,23,0,74.8
13,230,0,3,405,2879,17,0,61.5
9,211,0,3,2913,3397,0,1,65.6
11,123,1,3,628,214,22,0,77.9
15,158,1,3,257,3280,8,0,64.8
6,139,1,3,988,169,8,0,75.3
8,258,1,3,253,3402,1,1,73.0
8,92,1,4,1876,3352,15,0,90.0
3,148,0,3,375,978,3,0,55.7
8,114,1,4,638,1329,12,0,85.3
11,54,1,4,41,146,16,1,67.6
10,271,1,3,444,1799,10,1,62.6
10,69,0,2,1428,516,22,0,39.7
7,153,1,3,1310,3162,1,0,91.7
7,35,0,3,203,453,3,0,53.6
12,116,0,1,205,60,11,0,45.1
7,165,1,3,1359,3383,1,1,72.0
9,90,1,5,2131,528,0,0,91.7
9,175,1,1,80,3299,22,0,63.0
13,123,1,3,478,1024,5,1,68.1
11,209,1,4,329,2522,15,0,80.7
5,221,1,3,1636,1565,1,0,73.5
5,104,1,3,69,3735,13,0,69.2
10,144,1,3,189,2805,19,0,79.3
8,151,1,3,1116,2830,11,0,79.7
7,177,1,1,42,1103,18,0,62.8
12,140,1,5,542,433,2,0,96.1
9,151,0,3,466,3873,18,0,62.4
9,125,1,3,325,1177,10,1,72.2
11,146,1,3,401,3861,3,1,82.9
7,217,0,1,603,401,16,0,63.5
13,178,0,5,140,3351,16,0,68.6
